Workbook

Sheet Monthly Scorecard
A1: Stefanini Field Services - Monthly Performance Scorecard
A2: Year | B2: Month | C2: Team Leader | D2: Tech Name | E2: Shift | F2: Volume | G2: Incidents Completed | H2: Tasks Completed | I2: SLA Compliance | J2: Interactions Completed | K2: CSAT | L2: Attendance | M2: Stale Tasks | N2: KB Articles | O2: Recognitions | P2: Missing Epic Assets | Q2: Incident Score | R2: Task Score | S2: SLA Score | T2: Interaction Score | U2: CSAT Score | V2: Attendance Score | W2: Stale Score | X2: KB Score | Y2: Recognition Score | Z2: Epic Assets Score | AA2: Calculated Score | AB2: Calculated Rating | AC2: Entry Status | AD2: Manual Final Score | AE2: Manual Rating Override | AF2: Final Score | AG2: Final Rating | AH2: Lookup Key
A3: 2026 | B3: January | C3: Joshio Flores | D3: Carly Huber | F3: =IF(E3="","",IFERROR(VLOOKUP(E3,'Input & Settings'!$F$5:$G$10,2,FALSE),"")) | Q3: =IF(G3="","",IFERROR(MIN(100,G3/'Input & Settings'!$B$5*100),"")) | R3: =IF(H3="","",IFERROR(MIN(100,H3/'Input & Settings'!$B$6*100),"")) | S3: =IF(I3="","",IFERROR(MIN(100,I3/'Input & Settings'!$B$7*100),"")) | T3: =IF(J3="","",IFERROR(MIN(100,J3/'Input & Settings'!$B$8*100),"")) | U3: =IF(K3="","",IFERROR(MIN(100,K3/'Input & Settings'!$B$9*100),"")) | V3: =IF(L3="","",IFERROR(MIN(100,L3/'Input & Settings'!$B$10*100),"")) | W3: =IF(M3="","",IFERROR(IF(M3<='Input & Settings'!$B$11,100,MAX(0,100-(M3-'Input & Settings'!$B$11)*20)),"")) | X3: =IF(N3="","",IFERROR(MIN(100,N3/'Input & Settings'!$B$12*100),"")) | Y3: =IF(O3="","",IFERROR(MIN(100,O3/'Input & Settings'!$B$13*100),"")) | Z3: =IF(P3="","",IFERROR(IF(P3<='Input & Settings'!$B$14,100,MAX(0,100-(P3-'Input & Settings'!$B$14)*20)),"")) | AA3: =IF(COUNTA(G3:P3)=0,"",ROUND(Q3*'Input & Settings'!$C$5+R3*'Input & Settings'!$C$6+S3*'Input & Settings'!$C$7+T3*'Input & Settings'!$C$8+U3*'Input & Settings'!$C$9+V3*'Input & Settings'!$C$10+W3*'Input & Settings'!$C$11+X3*'Input & Settings'!$C$12+Y3*'Input & Settings'!$C$13+Z3*'Input & Settings'!$C$14,1)) | AB3: =IF(OR(AA3="",E3=""),"",IFERROR(IF(AA3>=VLOOKUP(E3,'Input & Settings'!$F$5:$K$10,3,FALSE),"Outstanding",IF(AA3>=VLOOKUP(E3,'Input & Settings'!$F$5:$K$10,4,FALSE),"Exceeds Expectations",IF(AA3>=VLOOKUP(E3,'Input & Settings'!$F$5:$K$10,5,FALSE),"Meets Expectations",IF(AA3>=VLOOKUP(E3,'Input & Settings'!$F$5:$K$10,6,FALSE),"Needs Improvement","Performance Improvement Required")))),"")) | AC3: =IF(COUNTA(G3:P3)+COUNTA(AD3:AE3)>0,"Entered","") | AF3: =IF(AD3<>"",AD3,AA3) | AG3: =IF(AE3<>"",AE3,AB3) | AH3: =D3&"|"&B3 -> Carly Huber|January
A4: 2026 | B4: January | C4: Joshio Flores | D4: Julian Grier | F4: =IF(E4="","",IFERROR(VLOOKUP(E4,'Input & Settings'!$F$5:$G$10,2,FALSE),"")) | Q4: =IF(G4="","",IFERROR(MIN(100,G4/'Input & Settings'!$B$5*100),"")) | R4: =IF(H4="","",IFERROR(MIN(100,H4/'Input & Settings'!$B$6*100),"")) | S4: =IF(I4="","",IFERROR(MIN(100,I4/'Input & Settings'!$B$7*100),"")) | T4: =IF(J4="","",IFERROR(MIN(100,J4/'Input & Settings'!$B$8*100),"")) | U4: =IF(K4="","",IFERROR(MIN(100,K4/'Input & Settings'!$B$9*100),"")) | V4: =IF(L4="","",IFERROR(MIN(100,L4/'Input & Settings'!$B$10*100),"")) | W4: =IF(M4="","",IFERROR(IF(M4<='Input & Settings'!$B$11,100,MAX(0,100-(M4-'Input & Settings'!$B$11)*20)),"")) | X4: =IF(N4="","",IFERROR(MIN(100,N4/'Input & Settings'!$B$12*100),"")) | Y4: =IF(O4="","",IFERROR(MIN(100,O4/'Input & Settings'!$B$13*100),"")) | Z4: =IF(P4="","",IFERROR(IF(P4<='Input & Settings'!$B$14,100,MAX(0,100-(P4-'Input & Settings'!$B$14)*20)),"")) | AA4: =IF(COUNTA(G4:P4)=0,"",ROUND(Q4*'Input & Settings'!$C$5+R4*'Input & Settings'!$C$6+S4*'Input & Settings'!$C$7+T4*'Input & Settings'!$C$8+U4*'Input & Settings'!$C$9+V4*'Input & Settings'!$C$10+W4*'Input & Settings'!$C$11+X4*'Input & Settings'!$C$12+Y4*'Input & Settings'!$C$13+Z4*'Input & Settings'!$C$14,1)) | AB4: =IF(OR(AA4="",E4=""),"",IFERROR(IF(AA4>=VLOOKUP(E4,'Input & Settings'!$F$5:$K$10,3,FALSE),"Outstanding",IF(AA4>=VLOOKUP(E4,'Input & Settings'!$F$5:$K$10,4,FALSE),"Exceeds Expectations",IF(AA4>=VLOOKUP(E4,'Input & Settings'!$F$5:$K$10,5,FALSE),"Meets Expectations",IF(AA4>=VLOOKUP(E4,'Input & Settings'!$F$5:$K$10,6,FALSE),"Needs Improvement","Performance Improvement Required")))),"")) | AC4: =IF(COUNTA(G4:P4)+COUNTA(AD4:AE4)>0,"Entered","") | AF4: =IF(AD4<>"",AD4,AA4) | AG4: =IF(AE4<>"",AE4,AB4) | AH4: =D4&"|"&B4 -> Julian Grier|January
A5: 2026 | B5: January | C5: Joshio Flores | D5: Jorge Lopez | F5: =IF(E5="","",IFERROR(VLOOKUP(E5,'Input & Settings'!$F$5:$G$10,2,FALSE),"")) | Q5: =IF(G5="","",IFERROR(MIN(100,G5/'Input & Settings'!$B$5*100),"")) | R5: =IF(H5="","",IFERROR(MIN(100,H5/'Input & Settings'!$B$6*100),"")) | S5: =IF(I5="","",IFERROR(MIN(100,I5/'Input & Settings'!$B$7*100),"")) | T5: =IF(J5="","",IFERROR(MIN(100,J5/'Input & Settings'!$B$8*100),"")) | U5: =IF(K5="","",IFERROR(MIN(100,K5/'Input & Settings'!$B$9*100),"")) | V5: =IF(L5="","",IFERROR(MIN(100,L5/'Input & Settings'!$B$10*100),"")) | W5: =IF(M5="","",IFERROR(IF(M5<='Input & Settings'!$B$11,100,MAX(0,100-(M5-'Input & Settings'!$B$11)*20)),"")) | X5: =IF(N5="","",IFERROR(MIN(100,N5/'Input & Settings'!$B$12*100),"")) | Y5: =IF(O5="","",IFERROR(MIN(100,O5/'Input & Settings'!$B$13*100),"")) | Z5: =IF(P5="","",IFERROR(IF(P5<='Input & Settings'!$B$14,100,MAX(0,100-(P5-'Input & Settings'!$B$14)*20)),"")) | AA5: =IF(COUNTA(G5:P5)=0,"",ROUND(Q5*'Input & Settings'!$C$5+R5*'Input & Settings'!$C$6+S5*'Input & Settings'!$C$7+T5*'Input & Settings'!$C$8+U5*'Input & Settings'!$C$9+V5*'Input & Settings'!$C$10+W5*'Input & Settings'!$C$11+X5*'Input & Settings'!$C$12+Y5*'Input & Settings'!$C$13+Z5*'Input & Settings'!$C$14,1)) | AB5: =IF(OR(AA5="",E5=""),"",IFERROR(IF(AA5>=VLOOKUP(E5,'Input & Settings'!$F$5:$K$10,3,FALSE),"Outstanding",IF(AA5>=VLOOKUP(E5,'Input & Settings'!$F$5:$K$10,4,FALSE),"Exceeds Expectations",IF(AA5>=VLOOKUP(E5,'Input & Settings'!$F$5:$K$10,5,FALSE),"Meets Expectations",IF(AA5>=VLOOKUP(E5,'Input & Settings'!$F$5:$K$10,6,FALSE),"Needs Improvement","Performance Improvement Required")))),"")) | AC5: =IF(COUNTA(G5:P5)+COUNTA(AD5:AE5)>0,"Entered","") | AF5: =IF(AD5<>"",AD5,AA5) | AG5: =IF(AE5<>"",AE5,AB5) | AH5: =D5&"|"&B5 -> Jorge Lopez|January
A6: 2026 | B6: January | C6: Joshio Flores | D6: Juan Pablo Pique Buil (JP) | F6: =IF(E6="","",IFERROR(VLOOKUP(E6,'Input & Settings'!$F$5:$G$10,2,FALSE),"")) | Q6: =IF(G6="","",IFERROR(MIN(100,G6/'Input & Settings'!$B$5*100),"")) | R6: =IF(H6="","",IFERROR(MIN(100,H6/'Input & Settings'!$B$6*100),"")) | S6: =IF(I6="","",IFERROR(MIN(100,I6/'Input & Settings'!$B$7*100),"")) | T6: =IF(J6="","",IFERROR(MIN(100,J6/'Input & Settings'!$B$8*100),"")) | U6: =IF(K6="","",IFERROR(MIN(100,K6/'Input & Settings'!$B$9*100),"")) | V6: =IF(L6="","",IFERROR(MIN(100,L6/'Input & Settings'!$B$10*100),"")) | W6: =IF(M6="","",IFERROR(IF(M6<='Input & Settings'!$B$11,100,MAX(0,100-(M6-'Input & Settings'!$B$11)*20)),"")) | X6: =IF(N6="","",IFERROR(MIN(100,N6/'Input & Settings'!$B$12*100),"")) | Y6: =IF(O6="","",IFERROR(MIN(100,O6/'Input & Settings'!$B$13*100),"")) | Z6: =IF(P6="","",IFERROR(IF(P6<='Input & Settings'!$B$14,100,MAX(0,100-(P6-'Input & Settings'!$B$14)*20)),"")) | AA6: =IF(COUNTA(G6:P6)=0,"",ROUND(Q6*'Input & Settings'!$C$5+R6*'Input & Settings'!$C$6+S6*'Input & Settings'!$C$7+T6*'Input & Settings'!$C$8+U6*'Input & Settings'!$C$9+V6*'Input & Settings'!$C$10+W6*'Input & Settings'!$C$11+X6*'Input & Settings'!$C$12+Y6*'Input & Settings'!$C$13+Z6*'Input & Settings'!$C$14,1)) | AB6: =IF(OR(AA6="",E6=""),"",IFERROR(IF(AA6>=VLOOKUP(E6,'Input & Settings'!$F$5:$K$10,3,FALSE),"Outstanding",IF(AA6>=VLOOKUP(E6,'Input & Settings'!$F$5:$K$10,4,FALSE),"Exceeds Expectations",IF(AA6>=VLOOKUP(E6,'Input & Settings'!$F$5:$K$10,5,FALSE),"Meets Expectations",IF(AA6>=VLOOKUP(E6,'Input & Settings'!$F$5:$K$10,6,FALSE),"Needs Improvement","Performance Improvement Required")))),"")) | AC6: =IF(COUNTA(G6:P6)+COUNTA(AD6:AE6)>0,"Entered","") | AF6: =IF(AD6<>"",AD6,AA6) | AG6: =IF(AE6<>"",AE6,AB6) | AH6: =D6&"|"&B6 -> Juan Pablo Pique Buil (JP)|January
A7: 2026 | B7: January | C7: Joshio Flores | D7: Peter Gonzalez | F7: =IF(E7="","",IFERROR(VLOOKUP(E7,'Input & Settings'!$F$5:$G$10,2,FALSE),"")) | Q7: =IF(G7="","",IFERROR(MIN(100,G7/'Input & Settings'!$B$5*100),"")) | R7: =IF(H7="","",IFERROR(MIN(100,H7/'Input & Settings'!$B$6*100),"")) | S7: =IF(I7="","",IFERROR(MIN(100,I7/'Input & Settings'!$B$7*100),"")) | T7: =IF(J7="","",IFERROR(MIN(100,J7/'Input & Settings'!$B$8*100),"")) | U7: =IF(K7="","",IFERROR(MIN(100,K7/'Input & Settings'!$B$9*100),"")) | V7: =IF(L7="","",IFERROR(MIN(100,L7/'Input & Settings'!$B$10*100),"")) | W7: =IF(M7="","",IFERROR(IF(M7<='Input & Settings'!$B$11,100,MAX(0,100-(M7-'Input & Settings'!$B$11)*20)),"")) | X7: =IF(N7="","",IFERROR(MIN(100,N7/'Input & Settings'!$B$12*100),"")) | Y7: =IF(O7="","",IFERROR(MIN(100,O7/'Input & Settings'!$B$13*100),"")) | Z7: =IF(P7="","",IFERROR(IF(P7<='Input & Settings'!$B$14,100,MAX(0,100-(P7-'Input & Settings'!$B$14)*20)),"")) | AA7: =IF(COUNTA(G7:P7)=0,"",ROUND(Q7*'Input & Settings'!$C$5+R7*'Input & Settings'!$C$6+S7*'Input & Settings'!$C$7+T7*'Input & Settings'!$C$8+U7*'Input & Settings'!$C$9+V7*'Input & Settings'!$C$10+W7*'Input & Settings'!$C$11+X7*'Input & Settings'!$C$12+Y7*'Input & Settings'!$C$13+Z7*'Input & Settings'!$C$14,1)) | AB7: =IF(OR(AA7="",E7=""),"",IFERROR(IF(AA7>=VLOOKUP(E7,'Input & Settings'!$F$5:$K$10,3,FALSE),"Outstanding",IF(AA7>=VLOOKUP(E7,'Input & Settings'!$F$5:$K$10,4,FALSE),"Exceeds Expectations",IF(AA7>=VLOOKUP(E7,'Input & Settings'!$F$5:$K$10,5,FALSE),"Meets Expectations",IF(AA7>=VLOOKUP(E7,'Input & Settings'!$F$5:$K$10,6,FALSE),"Needs Improvement","Performance Improvement Required")))),"")) | AC7: =IF(COUNTA(G7:P7)+COUNTA(AD7:AE7)>0,"Entered","") | AF7: =IF(AD7<>"",AD7,AA7) | AG7: =IF(AE7<>"",AE7,AB7) | AH7: =D7&"|"&B7 -> Peter Gonzalez|January
A8: 2026 | B8: January | C8: Joshio Flores | D8: Dennis Hartling | F8: =IF(E8="","",IFERROR(VLOOKUP(E8,'Input & Settings'!$F$5:$G$10,2,FALSE),"")) | Q8: =IF(G8="","",IFERROR(MIN(100,G8/'Input & Settings'!$B$5*100),"")) | R8: =IF(H8="","",IFERROR(MIN(100,H8/'Input & Settings'!$B$6*100),"")) | S8: =IF(I8="","",IFERROR(MIN(100,I8/'Input & Settings'!$B$7*100),"")) | T8: =IF(J8="","",IFERROR(MIN(100,J8/'Input & Settings'!$B$8*100),"")) | U8: =IF(K8="","",IFERROR(MIN(100,K8/'Input & Settings'!$B$9*100),"")) | V8: =IF(L8="","",IFERROR(MIN(100,L8/'Input & Settings'!$B$10*100),"")) | W8: =IF(M8="","",IFERROR(IF(M8<='Input & Settings'!$B$11,100,MAX(0,100-(M8-'Input & Settings'!$B$11)*20)),"")) | X8: =IF(N8="","",IFERROR(MIN(100,N8/'Input & Settings'!$B$12*100),"")) | Y8: =IF(O8="","",IFERROR(MIN(100,O8/'Input & Settings'!$B$13*100),"")) | Z8: =IF(P8="","",IFERROR(IF(P8<='Input & Settings'!$B$14,100,MAX(0,100-(P8-'Input & Settings'!$B$14)*20)),"")) | AA8: =IF(COUNTA(G8:P8)=0,"",ROUND(Q8*'Input & Settings'!$C$5+R8*'Input & Settings'!$C$6+S8*'Input & Settings'!$C$7+T8*'Input & Settings'!$C$8+U8*'Input & Settings'!$C$9+V8*'Input & Settings'!$C$10+W8*'Input & Settings'!$C$11+X8*'Input & Settings'!$C$12+Y8*'Input & Settings'!$C$13+Z8*'Input & Settings'!$C$14,1)) | AB8: =IF(OR(AA8="",E8=""),"",IFERROR(IF(AA8>=VLOOKUP(E8,'Input & Settings'!$F$5:$K$10,3,FALSE),"Outstanding",IF(AA8>=VLOOKUP(E8,'Input & Settings'!$F$5:$K$10,4,FALSE),"Exceeds Expectations",IF(AA8>=VLOOKUP(E8,'Input & Settings'!$F$5:$K$10,5,FALSE),"Meets Expectations",IF(AA8>=VLOOKUP(E8,'Input & Settings'!$F$5:$K$10,6,FALSE),"Needs Improvement","Performance Improvement Required")))),"")) | AC8: =IF(COUNTA(G8:P8)+COUNTA(AD8:AE8)>0,"Entered","") | AF8: =IF(AD8<>"",AD8,AA8) | AG8: =IF(AE8<>"",AE8,AB8) | AH8: =D8&"|"&B8 -> Dennis Hartling|January
A9: 2026 | B9: January | C9: Joshio Flores | D9: Gilbert Eugene | F9: =IF(E9="","",IFERROR(VLOOKUP(E9,'Input & Settings'!$F$5:$G$10,2,FALSE),"")) | Q9: =IF(G9="","",IFERROR(MIN(100,G9/'Input & Settings'!$B$5*100),"")) | R9: =IF(H9="","",IFERROR(MIN(100,H9/'Input & Settings'!$B$6*100),"")) | S9: =IF(I9="","",IFERROR(MIN(100,I9/'Input & Settings'!$B$7*100),"")) | T9: =IF(J9="","",IFERROR(MIN(100,J9/'Input & Settings'!$B$8*100),"")) | U9: =IF(K9="","",IFERROR(MIN(100,K9/'Input & Settings'!$B$9*100),"")) | V9: =IF(L9="","",IFERROR(MIN(100,L9/'Input & Settings'!$B$10*100),"")) | W9: =IF(M9="","",IFERROR(IF(M9<='Input & Settings'!$B$11,100,MAX(0,100-(M9-'Input & Settings'!$B$11)*20)),"")) | X9: =IF(N9="","",IFERROR(MIN(100,N9/'Input & Settings'!$B$12*100),"")) | Y9: =IF(O9="","",IFERROR(MIN(100,O9/'Input & Settings'!$B$13*100),"")) | Z9: =IF(P9="","",IFERROR(IF(P9<='Input & Settings'!$B$14,100,MAX(0,100-(P9-'Input & Settings'!$B$14)*20)),"")) | AA9: =IF(COUNTA(G9:P9)=0,"",ROUND(Q9*'Input & Settings'!$C$5+R9*'Input & Settings'!$C$6+S9*'Input & Settings'!$C$7+T9*'Input & Settings'!$C$8+U9*'Input & Settings'!$C$9+V9*'Input & Settings'!$C$10+W9*'Input & Settings'!$C$11+X9*'Input & Settings'!$C$12+Y9*'Input & Settings'!$C$13+Z9*'Input & Settings'!$C$14,1)) | AB9: =IF(OR(AA9="",E9=""),"",IFERROR(IF(AA9>=VLOOKUP(E9,'Input & Settings'!$F$5:$K$10,3,FALSE),"Outstanding",IF(AA9>=VLOOKUP(E9,'Input & Settings'!$F$5:$K$10,4,FALSE),"Exceeds Expectations",IF(AA9>=VLOOKUP(E9,'Input & Settings'!$F$5:$K$10,5,FALSE),"Meets Expectations",IF(AA9>=VLOOKUP(E9,'Input & Settings'!$F$5:$K$10,6,FALSE),"Needs Improvement","Performance Improvement Required")))),"")) | AC9: =IF(COUNTA(G9:P9)+COUNTA(AD9:AE9)>0,"Entered","") | AF9: =IF(AD9<>"",AD9,AA9) | AG9: =IF(AE9<>"",AE9,AB9) | AH9: =D9&"|"&B9 -> Gilbert Eugene|January
A10: 2026 | B10: January | C10: Joshio Flores | D10: Cory Colstock | F10: =IF(E10="","",IFERROR(VLOOKUP(E10,'Input & Settings'!$F$5:$G$10,2,FALSE),"")) | Q10: =IF(G10="","",IFERROR(MIN(100,G10/'Input & Settings'!$B$5*100),"")) | R10: =IF(H10="","",IFERROR(MIN(100,H10/'Input & Settings'!$B$6*100),"")) | S10: =IF(I10="","",IFERROR(MIN(100,I10/'Input & Settings'!$B$7*100),"")) | T10: =IF(J10="","",IFERROR(MIN(100,J10/'Input & Settings'!$B$8*100),"")) | U10: =IF(K10="","",IFERROR(MIN(100,K10/'Input & Settings'!$B$9*100),"")) | V10: =IF(L10="","",IFERROR(MIN(100,L10/'Input & Settings'!$B$10*100),"")) | W10: =IF(M10="","",IFERROR(IF(M10<='Input & Settings'!$B$11,100,MAX(0,100-(M10-'Input & Settings'!$B$11)*20)),"")) | X10: =IF(N10="","",IFERROR(MIN(100,N10/'Input & Settings'!$B$12*100),"")) | Y10: =IF(O10="","",IFERROR(MIN(100,O10/'Input & Settings'!$B$13*100),"")) | Z10: =IF(P10="","",IFERROR(IF(P10<='Input & Settings'!$B$14,100,MAX(0,100-(P10-'Input & Settings'!$B$14)*20)),"")) | AA10: =IF(COUNTA(G10:P10)=0,"",ROUND(Q10*'Input & Settings'!$C$5+R10*'Input & Settings'!$C$6+S10*'Input & Settings'!$C$7+T10*'Input & Settings'!$C$8+U10*'Input & Settings'!$C$9+V10*'Input & Settings'!$C$10+W10*'Input & Settings'!$C$11+X10*'Input & Settings'!$C$12+Y10*'Input & Settings'!$C$13+Z10*'Input & Settings'!$C$14,1)) | AB10: =IF(OR(AA10="",E10=""),"",IFERROR(IF(AA10>=VLOOKUP(E10,'Input & Settings'!$F$5:$K$10,3,FALSE),"Outstanding",IF(AA10>=VLOOKUP(E10,'Input & Settings'!$F$5:$K$10,4,FALSE),"Exceeds Expectations",IF(AA10>=VLOOKUP(E10,'Input & Settings'!$F$5:$K$10,5,FALSE),"Meets Expectations",IF(AA10>=VLOOKUP(E10,'Input & Settings'!$F$5:$K$10,6,FALSE),"Needs Improvement","Performance Improvement Required")))),"")) | AC10: =IF(COUNTA(G10:P10)+COUNTA(AD10:AE10)>0,"Entered","") | AF10: =IF(AD10<>"",AD10,AA10) | AG10: =IF(AE10<>"",AE10,AB10) | AH10: =D10&"|"&B10 -> Cory Colstock|January
A11: 2026 | B11: January | C11: Joshio Flores | D11: Jerald Woodward (Jerry) | F11: =IF(E11="","",IFERROR(VLOOKUP(E11,'Input & Settings'!$F$5:$G$10,2,FALSE),"")) | Q11: =IF(G11="","",IFERROR(MIN(100,G11/'Input & Settings'!$B$5*100),"")) | R11: =IF(H11="","",IFERROR(MIN(100,H11/'Input & Settings'!$B$6*100),"")) | S11: =IF(I11="","",IFERROR(MIN(100,I11/'Input & Settings'!$B$7*100),"")) | T11: =IF(J11="","",IFERROR(MIN(100,J11/'Input & Settings'!$B$8*100),"")) | U11: =IF(K11="","",IFERROR(MIN(100,K11/'Input & Settings'!$B$9*100),"")) | V11: =IF(L11="","",IFERROR(MIN(100,L11/'Input & Settings'!$B$10*100),"")) | W11: =IF(M11="","",IFERROR(IF(M11<='Input & Settings'!$B$11,100,MAX(0,100-(M11-'Input & Settings'!$B$11)*20)),"")) | X11: =IF(N11="","",IFERROR(MIN(100,N11/'Input & Settings'!$B$12*100),"")) | Y11: =IF(O11="","",IFERROR(MIN(100,O11/'Input & Settings'!$B$13*100),"")) | Z11: =IF(P11="","",IFERROR(IF(P11<='Input & Settings'!$B$14,100,MAX(0,100-(P11-'Input & Settings'!$B$14)*20)),"")) | AA11: =IF(COUNTA(G11:P11)=0,"",ROUND(Q11*'Input & Settings'!$C$5+R11*'Input & Settings'!$C$6+S11*'Input & Settings'!$C$7+T11*'Input & Settings'!$C$8+U11*'Input & Settings'!$C$9+V11*'Input & Settings'!$C$10+W11*'Input & Settings'!$C$11+X11*'Input & Settings'!$C$12+Y11*'Input & Settings'!$C$13+Z11*'Input & Settings'!$C$14,1)) | AB11: =IF(OR(AA11="",E11=""),"",IFERROR(IF(AA11>=VLOOKUP(E11,'Input & Settings'!$F$5:$K$10,3,FALSE),"Outstanding",IF(AA11>=VLOOKUP(E11,'Input & Settings'!$F$5:$K$10,4,FALSE),"Exceeds Expectations",IF(AA11>=VLOOKUP(E11,'Input & Settings'!$F$5:$K$10,5,FALSE),"Meets Expectations",IF(AA11>=VLOOKUP(E11,'Input & Settings'!$F$5:$K$10,6,FALSE),"Needs Improvement","Performance Improvement Required")))),"")) | AC11: =IF(COUNTA(G11:P11)+COUNTA(AD11:AE11)>0,"Entered","") | AF11: =IF(AD11<>"",AD11,AA11) | AG11: =IF(AE11<>"",AE11,AB11) | AH11: =D11&"|"&B11 -> Jerald Woodward (Jerry)|January
A12: 2026 | B12: January | C12: Joshio Flores | D12: Alvaro Hernandez | F12: =IF(E12="","",IFERROR(VLOOKUP(E12,'Input & Settings'!$F$5:$G$10,2,FALSE),"")) | Q12: =IF(G12="","",IFERROR(MIN(100,G12/'Input & Settings'!$B$5*100),"")) | R12: =IF(H12="","",IFERROR(MIN(100,H12/'Input & Settings'!$B$6*100),"")) | S12: =IF(I12="","",IFERROR(MIN(100,I12/'Input & Settings'!$B$7*100),"")) | T12: =IF(J12="","",IFERROR(MIN(100,J12/'Input & Settings'!$B$8*100),"")) | U12: =IF(K12="","",IFERROR(MIN(100,K12/'Input & Settings'!$B$9*100),"")) | V12: =IF(L12="","",IFERROR(MIN(100,L12/'Input & Settings'!$B$10*100),"")) | W12: =IF(M12="","",IFERROR(IF(M12<='Input & Settings'!$B$11,100,MAX(0,100-(M12-'Input & Settings'!$B$11)*20)),"")) | X12: =IF(N12="","",IFERROR(MIN(100,N12/'Input & Settings'!$B$12*100),"")) | Y12: =IF(O12="","",IFERROR(MIN(100,O12/'Input & Settings'!$B$13*100),"")) | Z12: =IF(P12="","",IFERROR(IF(P12<='Input & Settings'!$B$14,100,MAX(0,100-(P12-'Input & Settings'!$B$14)*20)),"")) | AA12: =IF(COUNTA(G12:P12)=0,"",ROUND(Q12*'Input & Settings'!$C$5+R12*'Input & Settings'!$C$6+S12*'Input & Settings'!$C$7+T12*'Input & Settings'!$C$8+U12*'Input & Settings'!$C$9+V12*'Input & Settings'!$C$10+W12*'Input & Settings'!$C$11+X12*'Input & Settings'!$C$12+Y12*'Input & Settings'!$C$13+Z12*'Input & Settings'!$C$14,1)) | AB12: =IF(OR(AA12="",E12=""),"",IFERROR(IF(AA12>=VLOOKUP(E12,'Input & Settings'!$F$5:$K$10,3,FALSE),"Outstanding",IF(AA12>=VLOOKUP(E12,'Input & Settings'!$F$5:$K$10,4,FALSE),"Exceeds Expectations",IF(AA12>=VLOOKUP(E12,'Input & Settings'!$F$5:$K$10,5,FALSE),"Meets Expectations",IF(AA12>=VLOOKUP(E12,'Input & Settings'!$F$5:$K$10,6,FALSE),"Needs Improvement","Performance Improvement Required")))),"")) | AC12: =IF(COUNTA(G12:P12)+COUNTA(AD12:AE12)>0,"Entered","") | AF12: =IF(AD12<>"",AD12,AA12) | AG12: =IF(AE12<>"",AE12,AB12) | AH12: =D12&"|"&B12 -> Alvaro Hernandez|January
A13: 2026 | B13: January | C13: Joshio Flores | D13: Sarah Clervil | F13: =IF(E13="","",IFERROR(VLOOKUP(E13,'Input & Settings'!$F$5:$G$10,2,FALSE),"")) | Q13: =IF(G13="","",IFERROR(MIN(100,G13/'Input & Settings'!$B$5*100),"")) | R13: =IF(H13="","",IFERROR(MIN(100,H13/'Input & Settings'!$B$6*100),"")) | S13: =IF(I13="","",IFERROR(MIN(100,I13/'Input & Settings'!$B$7*100),"")) | T13: =IF(J13="","",IFERROR(MIN(100,J13/'Input & Settings'!$B$8*100),"")) | U13: =IF(K13="","",IFERROR(MIN(100,K13/'Input & Settings'!$B$9*100),"")) | V13: =IF(L13="","",IFERROR(MIN(100,L13/'Input & Settings'!$B$10*100),"")) | W13: =IF(M13="","",IFERROR(IF(M13<='Input & Settings'!$B$11,100,MAX(0,100-(M13-'Input & Settings'!$B$11)*20)),"")) | X13: =IF(N13="","",IFERROR(MIN(100,N13/'Input & Settings'!$B$12*100),"")) | Y13: =IF(O13="","",IFERROR(MIN(100,O13/'Input & Settings'!$B$13*100),"")) | Z13: =IF(P13="","",IFERROR(IF(P13<='Input & Settings'!$B$14,100,MAX(0,100-(P13-'Input & Settings'!$B$14)*20)),"")) | AA13: =IF(COUNTA(G13:P13)=0,"",ROUND(Q13*'Input & Settings'!$C$5+R13*'Input & Settings'!$C$6+S13*'Input & Settings'!$C$7+T13*'Input & Settings'!$C$8+U13*'Input & Settings'!$C$9+V13*'Input & Settings'!$C$10+W13*'Input & Settings'!$C$11+X13*'Input & Settings'!$C$12+Y13*'Input & Settings'!$C$13+Z13*'Input & Settings'!$C$14,1)) | AB13: =IF(OR(AA13="",E13=""),"",IFERROR(IF(AA13>=VLOOKUP(E13,'Input & Settings'!$F$5:$K$10,3,FALSE),"Outstanding",IF(AA13>=VLOOKUP(E13,'Input & Settings'!$F$5:$K$10,4,FALSE),"Exceeds Expectations",IF(AA13>=VLOOKUP(E13,'Input & Settings'!$F$5:$K$10,5,FALSE),"Meets Expectations",IF(AA13>=VLOOKUP(E13,'Input & Settings'!$F$5:$K$10,6,FALSE),"Needs Improvement","Performance Improvement Required")))),"")) | AC13: =IF(COUNTA(G13:P13)+COUNTA(AD13:AE13)>0,"Entered","") | AF13: =IF(AD13<>"",AD13,AA13) | AG13: =IF(AE13<>"",AE13,AB13) | AH13: =D13&"|"&B13 -> Sarah Clervil|January
A14: 2026 | B14: January | C14: Joshio Flores | D14: Christopher Ovid | F14: =IF(E14="","",IFERROR(VLOOKUP(E14,'Input & Settings'!$F$5:$G$10,2,FALSE),"")) | Q14: =IF(G14="","",IFERROR(MIN(100,G14/'Input & Settings'!$B$5*100),"")) | R14: =IF(H14="","",IFERROR(MIN(100,H14/'Input & Settings'!$B$6*100),"")) | S14: =IF(I14="","",IFERROR(MIN(100,I14/'Input & Settings'!$B$7*100),"")) | T14: =IF(J14="","",IFERROR(MIN(100,J14/'Input & Settings'!$B$8*100),"")) | U14: =IF(K14="","",IFERROR(MIN(100,K14/'Input & Settings'!$B$9*100),"")) | V14: =IF(L14="","",IFERROR(MIN(100,L14/'Input & Settings'!$B$10*100),"")) | W14: =IF(M14="","",IFERROR(IF(M14<='Input & Settings'!$B$11,100,MAX(0,100-(M14-'Input & Settings'!$B$11)*20)),"")) | X14: =IF(N14="","",IFERROR(MIN(100,N14/'Input & Settings'!$B$12*100),"")) | Y14: =IF(O14="","",IFERROR(MIN(100,O14/'Input & Settings'!$B$13*100),"")) | Z14: =IF(P14="","",IFERROR(IF(P14<='Input & Settings'!$B$14,100,MAX(0,100-(P14-'Input & Settings'!$B$14)*20)),"")) | AA14: =IF(COUNTA(G14:P14)=0,"",ROUND(Q14*'Input & Settings'!$C$5+R14*'Input & Settings'!$C$6+S14*'Input & Settings'!$C$7+T14*'Input & Settings'!$C$8+U14*'Input & Settings'!$C$9+V14*'Input & Settings'!$C$10+W14*'Input & Settings'!$C$11+X14*'Input & Settings'!$C$12+Y14*'Input & Settings'!$C$13+Z14*'Input & Settings'!$C$14,1)) | AB14: =IF(OR(AA14="",E14=""),"",IFERROR(IF(AA14>=VLOOKUP(E14,'Input & Settings'!$F$5:$K$10,3,FALSE),"Outstanding",IF(AA14>=VLOOKUP(E14,'Input & Settings'!$F$5:$K$10,4,FALSE),"Exceeds Expectations",IF(AA14>=VLOOKUP(E14,'Input & Settings'!$F$5:$K$10,5,FALSE),"Meets Expectations",IF(AA14>=VLOOKUP(E14,'Input & Settings'!$F$5:$K$10,6,FALSE),"Needs Improvement","Performance Improvement Required")))),"")) | AC14: =IF(COUNTA(G14:P14)+COUNTA(AD14:AE14)>0,"Entered","") | AF14: =IF(AD14<>"",AD14,AA14) | AG14: =IF(AE14<>"",AE14,AB14) | AH14: =D14&"|"&B14 -> Christopher Ovid|January
... A212: 2026 | B212: May | C212: Jose Molina | D212: Angel Perez Martinez | F212: =IF(E212="","",IFERROR(VLOOKUP(E212,'Input & Settings'!$F$5:$G$10,2,FALSE),"")) | Q212: =IF(G212="","",IFERROR(MIN(100,G212/'Input & Settings'!$B$5*100),"")) | R212: =IF(H212="","",IFERROR(MIN(100,H212/'Input & Settings'!$B$6*100),"")) | S212: =IF(I212="","",IFERROR(MIN(100,I212/'Input & Settings'!$B$7*100),"")) | T212: =IF(J212="","",IFERROR(MIN(100,J212/'Input & Settings'!$B$8*100),"")) | U212: =IF(K212="","",IFERROR(MIN(100,K212/'Input & Settings'!$B$9*100),"")) | V212: =IF(L212="","",IFERROR(MIN(100,L212/'Input & Settings'!$B$10*100),"")) | W212: =IF(M212="","",IFERROR(IF(M212<='Input & Settings'!$B$11,100,MAX(0,100-(M212-'Input & Settings'!$B$11)*20)),"")) | X212: =IF(N212="","",IFERROR(MIN(100,N212/'Input & Settings'!$B$12*100),"")) | Y212: =IF(O212="","",IFERROR(MIN(100,O212/'Input & Settings'!$B$13*100),"")) | Z212: =IF(P212="","",IFERROR(IF(P212<='Input & Settings'!$B$14,100,MAX(0,100-(P212-'Input & Settings'!$B$14)*20)),"")) | AA212: =IF(COUNTA(G212:P212)=0,"",ROUND(Q212*'Input & Settings'!$C$5+R212*'Input & Settings'!$C$6+S212*'Input & Settings'!$C$7+T212*'Input & Settings'!$C$8+U212*'Input & Settings'!$C$9+V212*'Input & Settings'!$C$10+W212*'Input & Settings'!$C$11+X212*'Input & Settings'!$C$12+Y212*'Input & Settings'!$C$13+Z212*'Input & Settings'!$C$14,1)) | AB212: =IF(OR(AA212="",E212=""),"",IFERROR(IF(AA212>=VLOOKUP(E212,'Input & Settings'!$F$5:$K$10,3,FALSE),"Outstanding",IF(AA212>=VLOOKUP(E212,'Input & Settings'!$F$5:$K$10,4,FALSE),"Exceeds Expectations",IF(AA212>=VLOOKUP(E212,'Input & Settings'!$F$5:$K$10,5,FALSE),"Meets Expectations",IF(AA212>=VLOOKUP(E212,'Input & Settings'!$F$5:$K$10,6,FALSE),"Needs Improvement","Performance Improvement Required")))),"")) | AC212: =IF(COUNTA(G212:P212)+COUNTA(AD212:AE212)>0,"Entered","") | AF212: =IF(AD212<>"",AD212,AA212) | AG212: =IF(AE212<>"",AE212,AB212) | AH212: =D212&"|"&B212 -> Angel Perez Martinez|May
A213: 2026 | B213: June | C213: Joshio Flores | D213: Carly Huber | E213: 1st Shift | F213: =IF(E213="","",IFERROR(VLOOKUP(E213,'Input & Settings'!$F$5:$G$10,2,FALSE),"")) -> High | Q213: =IF(G213="","",IFERROR(MIN(100,G213/'Input & Settings'!$B$5*100),"")) | R213: =IF(H213="","",IFERROR(MIN(100,H213/'Input & Settings'!$B$6*100),"")) | S213: =IF(I213="","",IFERROR(MIN(100,I213/'Input & Settings'!$B$7*100),"")) | T213: =IF(J213="","",IFERROR(MIN(100,J213/'Input & Settings'!$B$8*100),"")) | U213: =IF(K213="","",IFERROR(MIN(100,K213/'Input & Settings'!$B$9*100),"")) | V213: =IF(L213="","",IFERROR(MIN(100,L213/'Input & Settings'!$B$10*100),"")) | W213: =IF(M213="","",IFERROR(IF(M213<='Input & Settings'!$B$11,100,MAX(0,100-(M213-'Input & Settings'!$B$11)*20)),"")) | X213: =IF(N213="","",IFERROR(MIN(100,N213/'Input & Settings'!$B$12*100),"")) | Y213: =IF(O213="","",IFERROR(MIN(100,O213/'Input & Settings'!$B$13*100),"")) | Z213: =IF(P213="","",IFERROR(IF(P213<='Input & Settings'!$B$14,100,MAX(0,100-(P213-'Input & Settings'!$B$14)*20)),"")) | AA213: =IF(COUNTA(G213:P213)=0,"",ROUND(Q213*'Input & Settings'!$C$5+R213*'Input & Settings'!$C$6+S213*'Input & Settings'!$C$7+T213*'Input & Settings'!$C$8+U213*'Input & Settings'!$C$9+V213*'Input & Settings'!$C$10+W213*'Input & Settings'!$C$11+X213*'Input & Settings'!$C$12+Y213*'Input & Settings'!$C$13+Z213*'Input & Settings'!$C$14,1)) | AB213: =IF(OR(AA213="",E213=""),"",IFERROR(IF(AA213>=VLOOKUP(E213,'Input & Settings'!$F$5:$K$10,3,FALSE),"Outstanding",IF(AA213>=VLOOKUP(E213,'Input & Settings'!$F$5:$K$10,4,FALSE),"Exceeds Expectations",IF(AA213>=VLOOKUP(E213,'Input & Settings'!$F$5:$K$10,5,FALSE),"Meets Expectations",IF(AA213>=VLOOKUP(E213,'Input & Settings'!$F$5:$K$10,6,FALSE),"Needs Improvement","Performance Improvement Required")))),"")) | AC213: =IF(COUNTA(G213:P213)+COUNTA(AD213:AE213)>0,"Entered","") | AF213: =IF(AD213<>"",AD213,AA213) | AG213: =IF(AE213<>"",AE213,AB213) | AH213: =D213&"|"&B213 -> Carly Huber|June
A214: 2026 | B214: June | C214: Joshio Flores | D214: Julian Grier | F214: =IF(E214="","",IFERROR(VLOOKUP(E214,'Input & Settings'!$F$5:$G$10,2,FALSE),"")) | Q214: =IF(G214="","",IFERROR(MIN(100,G214/'Input & Settings'!$B$5*100),"")) | R214: =IF(H214="","",IFERROR(MIN(100,H214/'Input & Settings'!$B$6*100),"")) | S214: =IF(I214="","",IFERROR(MIN(100,I214/'Input & Settings'!$B$7*100),"")) | T214: =IF(J214="","",IFERROR(MIN(100,J214/'Input & Settings'!$B$8*100),"")) | U214: =IF(K214="","",IFERROR(MIN(100,K214/'Input & Settings'!$B$9*100),"")) | V214: =IF(L214="","",IFERROR(MIN(100,L214/'Input & Settings'!$B$10*100),"")) | W214: =IF(M214="","",IFERROR(IF(M214<='Input & Settings'!$B$11,100,MAX(0,100-(M214-'Input & Settings'!$B$11)*20)),"")) | X214: =IF(N214="","",IFERROR(MIN(100,N214/'Input & Settings'!$B$12*100),"")) | Y214: =IF(O214="","",IFERROR(MIN(100,O214/'Input & Settings'!$B$13*100),"")) | Z214: =IF(P214="","",IFERROR(IF(P214<='Input & Settings'!$B$14,100,MAX(0,100-(P214-'Input & Settings'!$B$14)*20)),"")) | AA214: =IF(COUNTA(G214:P214)=0,"",ROUND(Q214*'Input & Settings'!$C$5+R214*'Input & Settings'!$C$6+S214*'Input & Settings'!$C$7+T214*'Input & Settings'!$C$8+U214*'Input & Settings'!$C$9+V214*'Input & Settings'!$C$10+W214*'Input & Settings'!$C$11+X214*'Input & Settings'!$C$12+Y214*'Input & Settings'!$C$13+Z214*'Input & Settings'!$C$14,1)) | AB214: =IF(OR(AA214="",E214=""),"",IFERROR(IF(AA214>=VLOOKUP(E214,'Input & Settings'!$F$5:$K$10,3,FALSE),"Outstanding",IF(AA214>=VLOOKUP(E214,'Input & Settings'!$F$5:$K$10,4,FALSE),"Exceeds Expectations",IF(AA214>=VLOOKUP(E214,'Input & Settings'!$F$5:$K$10,5,FALSE),"Meets Expectations",IF(AA214>=VLOOKUP(E214,'Input & Settings'!$F$5:$K$10,6,FALSE),"Needs Improvement","Performance Improvement Required")))),"")) | AC214: =IF(COUNTA(G214:P214)+COUNTA(AD214:AE214)>0,"Entered","") | AF214: =IF(AD214<>"",AD214,AA214) | AG214: =IF(AE214<>"",AE214,AB214) | AH214: =D214&"|"&B214 -> Julian Grier|June
A215: 2026 | B215: June | C215: Joshio Flores | D215: Jorge Lopez | F215: =IF(E215="","",IFERROR(VLOOKUP(E215,'Input & Settings'!$F$5:$G$10,2,FALSE),"")) | Q215: =IF(G215="","",IFERROR(MIN(100,G215/'Input & Settings'!$B$5*100),"")) | R215: =IF(H215="","",IFERROR(MIN(100,H215/'Input & Settings'!$B$6*100),"")) | S215: =IF(I215="","",IFERROR(MIN(100,I215/'Input & Settings'!$B$7*100),"")) | T215: =IF(J215="","",IFERROR(MIN(100,J215/'Input & Settings'!$B$8*100),"")) | U215: =IF(K215="","",IFERROR(MIN(100,K215/'Input & Settings'!$B$9*100),"")) | V215: =IF(L215="","",IFERROR(MIN(100,L215/'Input & Settings'!$B$10*100),"")) | W215: =IF(M215="","",IFERROR(IF(M215<='Input & Settings'!$B$11,100,MAX(0,100-(M215-'Input & Settings'!$B$11)*20)),"")) | X215: =IF(N215="","",IFERROR(MIN(100,N215/'Input & Settings'!$B$12*100),"")) | Y215: =IF(O215="","",IFERROR(MIN(100,O215/'Input & Settings'!$B$13*100),"")) | Z215: =IF(P215="","",IFERROR(IF(P215<='Input & Settings'!$B$14,100,MAX(0,100-(P215-'Input & Settings'!$B$14)*20)),"")) | AA215: =IF(COUNTA(G215:P215)=0,"",ROUND(Q215*'Input & Settings'!$C$5+R215*'Input & Settings'!$C$6+S215*'Input & Settings'!$C$7+T215*'Input & Settings'!$C$8+U215*'Input & Settings'!$C$9+V215*'Input & Settings'!$C$10+W215*'Input & Settings'!$C$11+X215*'Input & Settings'!$C$12+Y215*'Input & Settings'!$C$13+Z215*'Input & Settings'!$C$14,1)) | AB215: =IF(OR(AA215="",E215=""),"",IFERROR(IF(AA215>=VLOOKUP(E215,'Input & Settings'!$F$5:$K$10,3,FALSE),"Outstanding",IF(AA215>=VLOOKUP(E215,'Input & Settings'!$F$5:$K$10,4,FALSE),"Exceeds Expectations",IF(AA215>=VLOOKUP(E215,'Input & Settings'!$F$5:$K$10,5,FALSE),"Meets Expectations",IF(AA215>=VLOOKUP(E215,'Input & Settings'!$F$5:$K$10,6,FALSE),"Needs Improvement","Performance Improvement Required")))),"")) | AC215: =IF(COUNTA(G215:P215)+COUNTA(AD215:AE215)>0,"Entered","") | AF215: =IF(AD215<>"",AD215,AA215) | AG215: =IF(AE215<>"",AE215,AB215) | AH215: =D215&"|"&B215 -> Jorge Lopez|June
A216: 2026 | B216: June | C216: Joshio Flores | D216: Juan Pablo Pique Buil (JP) | F216: =IF(E216="","",IFERROR(VLOOKUP(E216,'Input & Settings'!$F$5:$G$10,2,FALSE),"")) | Q216: =IF(G216="","",IFERROR(MIN(100,G216/'Input & Settings'!$B$5*100),"")) | R216: =IF(H216="","",IFERROR(MIN(100,H216/'Input & Settings'!$B$6*100),"")) | S216: =IF(I216="","",IFERROR(MIN(100,I216/'Input & Settings'!$B$7*100),"")) | T216: =IF(J216="","",IFERROR(MIN(100,J216/'Input & Settings'!$B$8*100),"")) | U216: =IF(K216="","",IFERROR(MIN(100,K216/'Input & Settings'!$B$9*100),"")) | V216: =IF(L216="","",IFERROR(MIN(100,L216/'Input & Settings'!$B$10*100),"")) | W216: =IF(M216="","",IFERROR(IF(M216<='Input & Settings'!$B$11,100,MAX(0,100-(M216-'Input & Settings'!$B$11)*20)),"")) | X216: =IF(N216="","",IFERROR(MIN(100,N216/'Input & Settings'!$B$12*100),"")) | Y216: =IF(O216="","",IFERROR(MIN(100,O216/'Input & Settings'!$B$13*100),"")) | Z216: =IF(P216="","",IFERROR(IF(P216<='Input & Settings'!$B$14,100,MAX(0,100-(P216-'Input & Settings'!$B$14)*20)),"")) | AA216: =IF(COUNTA(G216:P216)=0,"",ROUND(Q216*'Input & Settings'!$C$5+R216*'Input & Settings'!$C$6+S216*'Input & Settings'!$C$7+T216*'Input & Settings'!$C$8+U216*'Input & Settings'!$C$9+V216*'Input & Settings'!$C$10+W216*'Input & Settings'!$C$11+X216*'Input & Settings'!$C$12+Y216*'Input & Settings'!$C$13+Z216*'Input & Settings'!$C$14,1)) | AB216: =IF(OR(AA216="",E216=""),"",IFERROR(IF(AA216>=VLOOKUP(E216,'Input & Settings'!$F$5:$K$10,3,FALSE),"Outstanding",IF(AA216>=VLOOKUP(E216,'Input & Settings'!$F$5:$K$10,4,FALSE),"Exceeds Expectations",IF(AA216>=VLOOKUP(E216,'Input & Settings'!$F$5:$K$10,5,FALSE),"Meets Expectations",IF(AA216>=VLOOKUP(E216,'Input & Settings'!$F$5:$K$10,6,FALSE),"Needs Improvement","Performance Improvement Required")))),"")) | AC216: =IF(COUNTA(G216:P216)+COUNTA(AD216:AE216)>0,"Entered","") | AF216: =IF(AD216<>"",AD216,AA216) | AG216: =IF(AE216<>"",AE216,AB216) | AH216: =D216&"|"&B216 -> Juan Pablo Pique Buil (JP)|June
A217: 2026 | B217: June | C217: Joshio Flores | D217: Peter Gonzalez | F217: =IF(E217="","",IFERROR(VLOOKUP(E217,'Input & Settings'!$F$5:$G$10,2,FALSE),"")) | Q217: =IF(G217="","",IFERROR(MIN(100,G217/'Input & Settings'!$B$5*100),"")) | R217: =IF(H217="","",IFERROR(MIN(100,H217/'Input & Settings'!$B$6*100),"")) | S217: =IF(I217="","",IFERROR(MIN(100,I217/'Input & Settings'!$B$7*100),"")) | T217: =IF(J217="","",IFERROR(MIN(100,J217/'Input & Settings'!$B$8*100),"")) | U217: =IF(K217="","",IFERROR(MIN(100,K217/'Input & Settings'!$B$9*100),"")) | V217: =IF(L217="","",IFERROR(MIN(100,L217/'Input & Settings'!$B$10*100),"")) | W217: =IF(M217="","",IFERROR(IF(M217<='Input & Settings'!$B$11,100,MAX(0,100-(M217-'Input & Settings'!$B$11)*20)),"")) | X217: =IF(N217="","",IFERROR(MIN(100,N217/'Input & Settings'!$B$12*100),"")) | Y217: =IF(O217="","",IFERROR(MIN(100,O217/'Input & Settings'!$B$13*100),"")) | Z217: =IF(P217="","",IFERROR(IF(P217<='Input & Settings'!$B$14,100,MAX(0,100-(P217-'Input & Settings'!$B$14)*20)),"")) | AA217: =IF(COUNTA(G217:P217)=0,"",ROUND(Q217*'Input & Settings'!$C$5+R217*'Input & Settings'!$C$6+S217*'Input & Settings'!$C$7+T217*'Input & Settings'!$C$8+U217*'Input & Settings'!$C$9+V217*'Input & Settings'!$C$10+W217*'Input & Settings'!$C$11+X217*'Input & Settings'!$C$12+Y217*'Input & Settings'!$C$13+Z217*'Input & Settings'!$C$14,1)) | AB217: =IF(OR(AA217="",E217=""),"",IFERROR(IF(AA217>=VLOOKUP(E217,'Input & Settings'!$F$5:$K$10,3,FALSE),"Outstanding",IF(AA217>=VLOOKUP(E217,'Input & Settings'!$F$5:$K$10,4,FALSE),"Exceeds Expectations",IF(AA217>=VLOOKUP(E217,'Input & Settings'!$F$5:$K$10,5,FALSE),"Meets Expectations",IF(AA217>=VLOOKUP(E217,'Input & Settings'!$F$5:$K$10,6,FALSE),"Needs Improvement","Performance Improvement Required")))),"")) | AC217: =IF(COUNTA(G217:P217)+COUNTA(AD217:AE217)>0,"Entered","") | AF217: =IF(AD217<>"",AD217,AA217) | AG217: =IF(AE217<>"",AE217,AB217) | AH217: =D217&"|"&B217 -> Peter Gonzalez|June
A218: 2026 | B218: June | C218: Joshio Flores | D218: Dennis Hartling | F218: =IF(E218="","",IFERROR(VLOOKUP(E218,'Input & Settings'!$F$5:$G$10,2,FALSE),"")) | Q218: =IF(G218="","",IFERROR(MIN(100,G218/'Input & Settings'!$B$5*100),"")) | R218: =IF(H218="","",IFERROR(MIN(100,H218/'Input & Settings'!$B$6*100),"")) | S218: =IF(I218="","",IFERROR(MIN(100,I218/'Input & Settings'!$B$7*100),"")) | T218: =IF(J218="","",IFERROR(MIN(100,J218/'Input & Settings'!$B$8*100),"")) | U218: =IF(K218="","",IFERROR(MIN(100,K218/'Input & Settings'!$B$9*100),"")) | V218: =IF(L218="","",IFERROR(MIN(100,L218/'Input & Settings'!$B$10*100),"")) | W218: =IF(M218="","",IFERROR(IF(M218<='Input & Settings'!$B$11,100,MAX(0,100-(M218-'Input & Settings'!$B$11)*20)),"")) | X218: =IF(N218="","",IFERROR(MIN(100,N218/'Input & Settings'!$B$12*100),"")) | Y218: =IF(O218="","",IFERROR(MIN(100,O218/'Input & Settings'!$B$13*100),"")) | Z218: =IF(P218="","",IFERROR(IF(P218<='Input & Settings'!$B$14,100,MAX(0,100-(P218-'Input & Settings'!$B$14)*20)),"")) | AA218: =IF(COUNTA(G218:P218)=0,"",ROUND(Q218*'Input & Settings'!$C$5+R218*'Input & Settings'!$C$6+S218*'Input & Settings'!$C$7+T218*'Input & Settings'!$C$8+U218*'Input & Settings'!$C$9+V218*'Input & Settings'!$C$10+W218*'Input & Settings'!$C$11+X218*'Input & Settings'!$C$12+Y218*'Input & Settings'!$C$13+Z218*'Input & Settings'!$C$14,1)) | AB218: =IF(OR(AA218="",E218=""),"",IFERROR(IF(AA218>=VLOOKUP(E218,'Input & Settings'!$F$5:$K$10,3,FALSE),"Outstanding",IF(AA218>=VLOOKUP(E218,'Input & Settings'!$F$5:$K$10,4,FALSE),"Exceeds Expectations",IF(AA218>=VLOOKUP(E218,'Input & Settings'!$F$5:$K$10,5,FALSE),"Meets Expectations",IF(AA218>=VLOOKUP(E218,'Input & Settings'!$F$5:$K$10,6,FALSE),"Needs Improvement","Performance Improvement Required")))),"")) | AC218: =IF(COUNTA(G218:P218)+COUNTA(AD218:AE218)>0,"Entered","") | AF218: =IF(AD218<>"",AD218,AA218) | AG218: =IF(AE218<>"",AE218,AB218) | AH218: =D218&"|"&B218 -> Dennis Hartling|June
A219: 2026 | B219: June | C219: Joshio Flores | D219: Gilbert Eugene | F219: =IF(E219="","",IFERROR(VLOOKUP(E219,'Input & Settings'!$F$5:$G$10,2,FALSE),"")) | Q219: =IF(G219="","",IFERROR(MIN(100,G219/'Input & Settings'!$B$5*100),"")) | R219: =IF(H219="","",IFERROR(MIN(100,H219/'Input & Settings'!$B$6*100),"")) | S219: =IF(I219="","",IFERROR(MIN(100,I219/'Input & Settings'!$B$7*100),"")) | T219: =IF(J219="","",IFERROR(MIN(100,J219/'Input & Settings'!$B$8*100),"")) | U219: =IF(K219="","",IFERROR(MIN(100,K219/'Input & Settings'!$B$9*100),"")) | V219: =IF(L219="","",IFERROR(MIN(100,L219/'Input & Settings'!$B$10*100),"")) | W219: =IF(M219="","",IFERROR(IF(M219<='Input & Settings'!$B$11,100,MAX(0,100-(M219-'Input & Settings'!$B$11)*20)),"")) | X219: =IF(N219="","",IFERROR(MIN(100,N219/'Input & Settings'!$B$12*100),"")) | Y219: =IF(O219="","",IFERROR(MIN(100,O219/'Input & Settings'!$B$13*100),"")) | Z219: =IF(P219="","",IFERROR(IF(P219<='Input & Settings'!$B$14,100,MAX(0,100-(P219-'Input & Settings'!$B$14)*20)),"")) | AA219: =IF(COUNTA(G219:P219)=0,"",ROUND(Q219*'Input & Settings'!$C$5+R219*'Input & Settings'!$C$6+S219*'Input & Settings'!$C$7+T219*'Input & Settings'!$C$8+U219*'Input & Settings'!$C$9+V219*'Input & Settings'!$C$10+W219*'Input & Settings'!$C$11+X219*'Input & Settings'!$C$12+Y219*'Input & Settings'!$C$13+Z219*'Input & Settings'!$C$14,1)) | AB219: =IF(OR(AA219="",E219=""),"",IFERROR(IF(AA219>=VLOOKUP(E219,'Input & Settings'!$F$5:$K$10,3,FALSE),"Outstanding",IF(AA219>=VLOOKUP(E219,'Input & Settings'!$F$5:$K$10,4,FALSE),"Exceeds Expectations",IF(AA219>=VLOOKUP(E219,'Input & Settings'!$F$5:$K$10,5,FALSE),"Meets Expectations",IF(AA219>=VLOOKUP(E219,'Input & Settings'!$F$5:$K$10,6,FALSE),"Needs Improvement","Performance Improvement Required")))),"")) | AC219: =IF(COUNTA(G219:P219)+COUNTA(AD219:AE219)>0,"Entered","") | AF219: =IF(AD219<>"",AD219,AA219) | AG219: =IF(AE219<>"",AE219,AB219) | AH219: =D219&"|"&B219 -> Gilbert Eugene|June
A220: 2026 | B220: June | C220: Joshio Flores | D220: Cory Colstock | F220: =IF(E220="","",IFERROR(VLOOKUP(E220,'Input & Settings'!$F$5:$G$10,2,FALSE),"")) | Q220: =IF(G220="","",IFERROR(MIN(100,G220/'Input & Settings'!$B$5*100),"")) | R220: =IF(H220="","",IFERROR(MIN(100,H220/'Input & Settings'!$B$6*100),"")) | S220: =IF(I220="","",IFERROR(MIN(100,I220/'Input & Settings'!$B$7*100),"")) | T220: =IF(J220="","",IFERROR(MIN(100,J220/'Input & Settings'!$B$8*100),"")) | U220: =IF(K220="","",IFERROR(MIN(100,K220/'Input & Settings'!$B$9*100),"")) | V220: =IF(L220="","",IFERROR(MIN(100,L220/'Input & Settings'!$B$10*100),"")) | W220: =IF(M220="","",IFERROR(IF(M220<='Input & Settings'!$B$11,100,MAX(0,100-(M220-'Input & Settings'!$B$11)*20)),"")) | X220: =IF(N220="","",IFERROR(MIN(100,N220/'Input & Settings'!$B$12*100),"")) | Y220: =IF(O220="","",IFERROR(MIN(100,O220/'Input & Settings'!$B$13*100),"")) | Z220: =IF(P220="","",IFERROR(IF(P220<='Input & Settings'!$B$14,100,MAX(0,100-(P220-'Input & Settings'!$B$14)*20)),"")) | AA220: =IF(COUNTA(G220:P220)=0,"",ROUND(Q220*'Input & Settings'!$C$5+R220*'Input & Settings'!$C$6+S220*'Input & Settings'!$C$7+T220*'Input & Settings'!$C$8+U220*'Input & Settings'!$C$9+V220*'Input & Settings'!$C$10+W220*'Input & Settings'!$C$11+X220*'Input & Settings'!$C$12+Y220*'Input & Settings'!$C$13+Z220*'Input & Settings'!$C$14,1)) | AB220: =IF(OR(AA220="",E220=""),"",IFERROR(IF(AA220>=VLOOKUP(E220,'Input & Settings'!$F$5:$K$10,3,FALSE),"Outstanding",IF(AA220>=VLOOKUP(E220,'Input & Settings'!$F$5:$K$10,4,FALSE),"Exceeds Expectations",IF(AA220>=VLOOKUP(E220,'Input & Settings'!$F$5:$K$10,5,FALSE),"Meets Expectations",IF(AA220>=VLOOKUP(E220,'Input & Settings'!$F$5:$K$10,6,FALSE),"Needs Improvement","Performance Improvement Required")))),"")) | AC220: =IF(COUNTA(G220:P220)+COUNTA(AD220:AE220)>0,"Entered","") | AF220: =IF(AD220<>"",AD220,AA220) | AG220: =IF(AE220<>"",AE220,AB220) | AH220: =D220&"|"&B220 -> Cory Colstock|June
A221: 2026 | B221: June | C221: Joshio Flores | D221: Jerald Woodward (Jerry) | F221: =IF(E221="","",IFERROR(VLOOKUP(E221,'Input & Settings'!$F$5:$G$10,2,FALSE),"")) | Q221: =IF(G221="","",IFERROR(MIN(100,G221/'Input & Settings'!$B$5*100),"")) | R221: =IF(H221="","",IFERROR(MIN(100,H221/'Input & Settings'!$B$6*100),"")) | S221: =IF(I221="","",IFERROR(MIN(100,I221/'Input & Settings'!$B$7*100),"")) | T221: =IF(J221="","",IFERROR(MIN(100,J221/'Input & Settings'!$B$8*100),"")) | U221: =IF(K221="","",IFERROR(MIN(100,K221/'Input & Settings'!$B$9*100),"")) | V221: =IF(L221="","",IFERROR(MIN(100,L221/'Input & Settings'!$B$10*100),"")) | W221: =IF(M221="","",IFERROR(IF(M221<='Input & Settings'!$B$11,100,MAX(0,100-(M221-'Input & Settings'!$B$11)*20)),"")) | X221: =IF(N221="","",IFERROR(MIN(100,N221/'Input & Settings'!$B$12*100),"")) | Y221: =IF(O221="","",IFERROR(MIN(100,O221/'Input & Settings'!$B$13*100),"")) | Z221: =IF(P221="","",IFERROR(IF(P221<='Input & Settings'!$B$14,100,MAX(0,100-(P221-'Input & Settings'!$B$14)*20)),"")) | AA221: =IF(COUNTA(G221:P221)=0,"",ROUND(Q221*'Input & Settings'!$C$5+R221*'Input & Settings'!$C$6+S221*'Input & Settings'!$C$7+T221*'Input & Settings'!$C$8+U221*'Input & Settings'!$C$9+V221*'Input & Settings'!$C$10+W221*'Input & Settings'!$C$11+X221*'Input & Settings'!$C$12+Y221*'Input & Settings'!$C$13+Z221*'Input & Settings'!$C$14,1)) | AB221: =IF(OR(AA221="",E221=""),"",IFERROR(IF(AA221>=VLOOKUP(E221,'Input & Settings'!$F$5:$K$10,3,FALSE),"Outstanding",IF(AA221>=VLOOKUP(E221,'Input & Settings'!$F$5:$K$10,4,FALSE),"Exceeds Expectations",IF(AA221>=VLOOKUP(E221,'Input & Settings'!$F$5:$K$10,5,FALSE),"Meets Expectations",IF(AA221>=VLOOKUP(E221,'Input & Settings'!$F$5:$K$10,6,FALSE),"Needs Improvement","Performance Improvement Required")))),"")) | AC221: =IF(COUNTA(G221:P221)+COUNTA(AD221:AE221)>0,"Entered","") | AF221: =IF(AD221<>"",AD221,AA221) | AG221: =IF(AE221<>"",AE221,AB221) | AH221: =D221&"|"&B221 -> Jerald Woodward (Jerry)|June
A222: 2026 | B222: June | C222: Joshio Flores | D222: Alvaro Hernandez | E222: 1st Shift | F222: =IF(E222="","",IFERROR(VLOOKUP(E222,'Input & Settings'!$F$5:$G$10,2,FALSE),"")) -> High | Q222: =IF(G222="","",IFERROR(MIN(100,G222/'Input & Settings'!$B$5*100),"")) | R222: =IF(H222="","",IFERROR(MIN(100,H222/'Input & Settings'!$B$6*100),"")) | S222: =IF(I222="","",IFERROR(MIN(100,I222/'Input & Settings'!$B$7*100),"")) | T222: =IF(J222="","",IFERROR(MIN(100,J222/'Input & Settings'!$B$8*100),"")) | U222: =IF(K222="","",IFERROR(MIN(100,K222/'Input & Settings'!$B$9*100),"")) | V222: =IF(L222="","",IFERROR(MIN(100,L222/'Input & Settings'!$B$10*100),"")) | W222: =IF(M222="","",IFERROR(IF(M222<='Input & Settings'!$B$11,100,MAX(0,100-(M222-'Input & Settings'!$B$11)*20)),"")) | X222: =IF(N222="","",IFERROR(MIN(100,N222/'Input & Settings'!$B$12*100),"")) | Y222: =IF(O222="","",IFERROR(MIN(100,O222/'Input & Settings'!$B$13*100),"")) | Z222: =IF(P222="","",IFERROR(IF(P222<='Input & Settings'!$B$14,100,MAX(0,100-(P222-'Input & Settings'!$B$14)*20)),"")) | AA222: =IF(COUNTA(G222:P222)=0,"",ROUND(Q222*'Input & Settings'!$C$5+R222*'Input & Settings'!$C$6+S222*'Input & Settings'!$C$7+T222*'Input & Settings'!$C$8+U222*'Input & Settings'!$C$9+V222*'Input & Settings'!$C$10+W222*'Input & Settings'!$C$11+X222*'Input & Settings'!$C$12+Y222*'Input & Settings'!$C$13+Z222*'Input & Settings'!$C$14,1)) | AB222: =IF(OR(AA222="",E222=""),"",IFERROR(IF(AA222>=VLOOKUP(E222,'Input & Settings'!$F$5:$K$10,3,FALSE),"Outstanding",IF(AA222>=VLOOKUP(E222,'Input & Settings'!$F$5:$K$10,4,FALSE),"Exceeds Expectations",IF(AA222>=VLOOKUP(E222,'Input & Settings'!$F$5:$K$10,5,FALSE),"Meets Expectations",IF(AA222>=VLOOKUP(E222,'Input & Settings'!$F$5:$K$10,6,FALSE),"Needs Improvement","Performance Improvement Required")))),"")) | AC222: =IF(COUNTA(G222:P222)+COUNTA(AD222:AE222)>0,"Entered","") | AF222: =IF(AD222<>"",AD222,AA222) | AG222: =IF(AE222<>"",AE222,AB222) | AH222: =D222&"|"&B222 -> Alvaro Hernandez|June
A223: 2026 | B223: June | C223: Joshio Flores | D223: Sarah Clervil | F223: =IF(E223="","",IFERROR(VLOOKUP(E223,'Input & Settings'!$F$5:$G$10,2,FALSE),"")) | Q223: =IF(G223="","",IFERROR(MIN(100,G223/'Input & Settings'!$B$5*100),"")) | R223: =IF(H223="","",IFERROR(MIN(100,H223/'Input & Settings'!$B$6*100),"")) | S223: =IF(I223="","",IFERROR(MIN(100,I223/'Input & Settings'!$B$7*100),"")) | T223: =IF(J223="","",IFERROR(MIN(100,J223/'Input & Settings'!$B$8*100),"")) | U223: =IF(K223="","",IFERROR(MIN(100,K223/'Input & Settings'!$B$9*100),"")) | V223: =IF(L223="","",IFERROR(MIN(100,L223/'Input & Settings'!$B$10*100),"")) | W223: =IF(M223="","",IFERROR(IF(M223<='Input & Settings'!$B$11,100,MAX(0,100-(M223-'Input & Settings'!$B$11)*20)),"")) | X223: =IF(N223="","",IFERROR(MIN(100,N223/'Input & Settings'!$B$12*100),"")) | Y223: =IF(O223="","",IFERROR(MIN(100,O223/'Input & Settings'!$B$13*100),"")) | Z223: =IF(P223="","",IFERROR(IF(P223<='Input & Settings'!$B$14,100,MAX(0,100-(P223-'Input & Settings'!$B$14)*20)),"")) | AA223: =IF(COUNTA(G223:P223)=0,"",ROUND(Q223*'Input & Settings'!$C$5+R223*'Input & Settings'!$C$6+S223*'Input & Settings'!$C$7+T223*'Input & Settings'!$C$8+U223*'Input & Settings'!$C$9+V223*'Input & Settings'!$C$10+W223*'Input & Settings'!$C$11+X223*'Input & Settings'!$C$12+Y223*'Input & Settings'!$C$13+Z223*'Input & Settings'!$C$14,1)) | AB223: =IF(OR(AA223="",E223=""),"",IFERROR(IF(AA223>=VLOOKUP(E223,'Input & Settings'!$F$5:$K$10,3,FALSE),"Outstanding",IF(AA223>=VLOOKUP(E223,'Input & Settings'!$F$5:$K$10,4,FALSE),"Exceeds Expectations",IF(AA223>=VLOOKUP(E223,'Input & Settings'!$F$5:$K$10,5,FALSE),"Meets Expectations",IF(AA223>=VLOOKUP(E223,'Input & Settings'!$F$5:$K$10,6,FALSE),"Needs Improvement","Performance Improvement Required")))),"")) | AC223: =IF(COUNTA(G223:P223)+COUNTA(AD223:AE223)>0,"Entered","") | AF223: =IF(AD223<>"",AD223,AA223) | AG223: =IF(AE223<>"",AE223,AB223) | AH223: =D223&"|"&B223 -> Sarah Clervil|June
A224: 2026 | B224: June | C224: Joshio Flores | D224: Christopher Ovid | F224: =IF(E224="","",IFERROR(VLOOKUP(E224,'Input & Settings'!$F$5:$G$10,2,FALSE),"")) | Q224: =IF(G224="","",IFERROR(MIN(100,G224/'Input & Settings'!$B$5*100),"")) | R224: =IF(H224="","",IFERROR(MIN(100,H224/'Input & Settings'!$B$6*100),"")) | S224: =IF(I224="","",IFERROR(MIN(100,I224/'Input & Settings'!$B$7*100),"")) | T224: =IF(J224="","",IFERROR(MIN(100,J224/'Input & Settings'!$B$8*100),"")) | U224: =IF(K224="","",IFERROR(MIN(100,K224/'Input & Settings'!$B$9*100),"")) | V224: =IF(L224="","",IFERROR(MIN(100,L224/'Input & Settings'!$B$10*100),"")) | W224: =IF(M224="","",IFERROR(IF(M224<='Input & Settings'!$B$11,100,MAX(0,100-(M224-'Input & Settings'!$B$11)*20)),"")) | X224: =IF(N224="","",IFERROR(MIN(100,N224/'Input & Settings'!$B$12*100),"")) | Y224: =IF(O224="","",IFERROR(MIN(100,O224/'Input & Settings'!$B$13*100),"")) | Z224: =IF(P224="","",IFERROR(IF(P224<='Input & Settings'!$B$14,100,MAX(0,100-(P224-'Input & Settings'!$B$14)*20)),"")) | AA224: =IF(COUNTA(G224:P224)=0,"",ROUND(Q224*'Input & Settings'!$C$5+R224*'Input & Settings'!$C$6+S224*'Input & Settings'!$C$7+T224*'Input & Settings'!$C$8+U224*'Input & Settings'!$C$9+V224*'Input & Settings'!$C$10+W224*'Input & Settings'!$C$11+X224*'Input & Settings'!$C$12+Y224*'Input & Settings'!$C$13+Z224*'Input & Settings'!$C$14,1)) | AB224: =IF(OR(AA224="",E224=""),"",IFERROR(IF(AA224>=VLOOKUP(E224,'Input & Settings'!$F$5:$K$10,3,FALSE),"Outstanding",IF(AA224>=VLOOKUP(E224,'Input & Settings'!$F$5:$K$10,4,FALSE),"Exceeds Expectations",IF(AA224>=VLOOKUP(E224,'Input & Settings'!$F$5:$K$10,5,FALSE),"Meets Expectations",IF(AA224>=VLOOKUP(E224,'Input & Settings'!$F$5:$K$10,6,FALSE),"Needs Improvement","Performance Improvement Required")))),"")) | AC224: =IF(COUNTA(G224:P224)+COUNTA(AD224:AE224)>0,"Entered","") | AF224: =IF(AD224<>"",AD224,AA224) | AG224: =IF(AE224<>"",AE224,AB224) | AH224: =D224&"|"&B224 -> Christopher Ovid|June
A225: 2026 | B225: June | C225: Joshio Flores | D225: Rafael Godinez | E225: 1st Shift | F225: =IF(E225="","",IFERROR(VLOOKUP(E225,'Input & Settings'!$F$5:$G$10,2,FALSE),"")) -> High | Q225: =IF(G225="","",IFERROR(MIN(100,G225/'Input & Settings'!$B$5*100),"")) | R225: =IF(H225="","",IFERROR(MIN(100,H225/'Input & Settings'!$B$6*100),"")) | S225: =IF(I225="","",IFERROR(MIN(100,I225/'Input & Settings'!$B$7*100),"")) | T225: =IF(J225="","",IFERROR(MIN(100,J225/'Input & Settings'!$B$8*100),"")) | U225: =IF(K225="","",IFERROR(MIN(100,K225/'Input & Settings'!$B$9*100),"")) | V225: =IF(L225="","",IFERROR(MIN(100,L225/'Input & Settings'!$B$10*100),"")) | W225: =IF(M225="","",IFERROR(IF(M225<='Input & Settings'!$B$11,100,MAX(0,100-(M225-'Input & Settings'!$B$11)*20)),"")) | X225: =IF(N225="","",IFERROR(MIN(100,N225/'Input & Settings'!$B$12*100),"")) | Y225: =IF(O225="","",IFERROR(MIN(100,O225/'Input & Settings'!$B$13*100),"")) | Z225: =IF(P225="","",IFERROR(IF(P225<='Input & Settings'!$B$14,100,MAX(0,100-(P225-'Input & Settings'!$B$14)*20)),"")) | AA225: =IF(COUNTA(G225:P225)=0,"",ROUND(Q225*'Input & Settings'!$C$5+R225*'Input & Settings'!$C$6+S225*'Input & Settings'!$C$7+T225*'Input & Settings'!$C$8+U225*'Input & Settings'!$C$9+V225*'Input & Settings'!$C$10+W225*'Input & Settings'!$C$11+X225*'Input & Settings'!$C$12+Y225*'Input & Settings'!$C$13+Z225*'Input & Settings'!$C$14,1)) | AB225: =IF(OR(AA225="",E225=""),"",IFERROR(IF(AA225>=VLOOKUP(E225,'Input & Settings'!$F$5:$K$10,3,FALSE),"Outstanding",IF(AA225>=VLOOKUP(E225,'Input & Settings'!$F$5:$K$10,4,FALSE),"Exceeds Expectations",IF(AA225>=VLOOKUP(E225,'Input & Settings'!$F$5:$K$10,5,FALSE),"Meets Expectations",IF(AA225>=VLOOKUP(E225,'Input & Settings'!$F$5:$K$10,6,FALSE),"Needs Improvement","Performance Improvement Required")))),"")) | AC225: =IF(COUNTA(G225:P225)+COUNTA(AD225:AE225)>0,"Entered","") | AF225: =IF(AD225<>"",AD225,AA225) | AG225: =IF(AE225<>"",AE225,AB225) | AH225: =D225&"|"&B225 -> Rafael Godinez|June
A226: 2026 | B226: June | C226: Joshio Flores | D226: Dennis Mayorga | E226: 1st Shift Weekend | F226: =IF(E226="","",IFERROR(VLOOKUP(E226,'Input & Settings'!$F$5:$G$10,2,FALSE),"")) -> Normal | Q226: =IF(G226="","",IFERROR(MIN(100,G226/'Input & Settings'!$B$5*100),"")) | R226: =IF(H226="","",IFERROR(MIN(100,H226/'Input & Settings'!$B$6*100),"")) | S226: =IF(I226="","",IFERROR(MIN(100,I226/'Input & Settings'!$B$7*100),"")) | T226: =IF(J226="","",IFERROR(MIN(100,J226/'Input & Settings'!$B$8*100),"")) | U226: =IF(K226="","",IFERROR(MIN(100,K226/'Input & Settings'!$B$9*100),"")) | V226: =IF(L226="","",IFERROR(MIN(100,L226/'Input & Settings'!$B$10*100),"")) | W226: =IF(M226="","",IFERROR(IF(M226<='Input & Settings'!$B$11,100,MAX(0,100-(M226-'Input & Settings'!$B$11)*20)),"")) | X226: =IF(N226="","",IFERROR(MIN(100,N226/'Input & Settings'!$B$12*100),"")) | Y226: =IF(O226="","",IFERROR(MIN(100,O226/'Input & Settings'!$B$13*100),"")) | Z226: =IF(P226="","",IFERROR(IF(P226<='Input & Settings'!$B$14,100,MAX(0,100-(P226-'Input & Settings'!$B$14)*20)),"")) | AA226: =IF(COUNTA(G226:P226)=0,"",ROUND(Q226*'Input & Settings'!$C$5+R226*'Input & Settings'!$C$6+S226*'Input & Settings'!$C$7+T226*'Input & Settings'!$C$8+U226*'Input & Settings'!$C$9+V226*'Input & Settings'!$C$10+W226*'Input & Settings'!$C$11+X226*'Input & Settings'!$C$12+Y226*'Input & Settings'!$C$13+Z226*'Input & Settings'!$C$14,1)) | AB226: =IF(OR(AA226="",E226=""),"",IFERROR(IF(AA226>=VLOOKUP(E226,'Input & Settings'!$F$5:$K$10,3,FALSE),"Outstanding",IF(AA226>=VLOOKUP(E226,'Input & Settings'!$F$5:$K$10,4,FALSE),"Exceeds Expectations",IF(AA226>=VLOOKUP(E226,'Input & Settings'!$F$5:$K$10,5,FALSE),"Meets Expectations",IF(AA226>=VLOOKUP(E226,'Input & Settings'!$F$5:$K$10,6,FALSE),"Needs Improvement","Performance Improvement Required")))),"")) | AC226: =IF(COUNTA(G226:P226)+COUNTA(AD226:AE226)>0,"Entered","") | AF226: =IF(AD226<>"",AD226,AA226) | AG226: =IF(AE226<>"",AE226,AB226) | AH226: =D226&"|"&B226 -> Dennis Mayorga|June
A227: 2026 | B227: June | C227: Joshio Flores | D227: Jose Reyes-Navolskyi (Ivan) | E227: 2nd Shift | F227: =IF(E227="","",IFERROR(VLOOKUP(E227,'Input & Settings'!$F$5:$G$10,2,FALSE),"")) -> Normal | Q227: =IF(G227="","",IFERROR(MIN(100,G227/'Input & Settings'!$B$5*100),"")) | R227: =IF(H227="","",IFERROR(MIN(100,H227/'Input & Settings'!$B$6*100),"")) | S227: =IF(I227="","",IFERROR(MIN(100,I227/'Input & Settings'!$B$7*100),"")) | T227: =IF(J227="","",IFERROR(MIN(100,J227/'Input & Settings'!$B$8*100),"")) | U227: =IF(K227="","",IFERROR(MIN(100,K227/'Input & Settings'!$B$9*100),"")) | V227: =IF(L227="","",IFERROR(MIN(100,L227/'Input & Settings'!$B$10*100),"")) | W227: =IF(M227="","",IFERROR(IF(M227<='Input & Settings'!$B$11,100,MAX(0,100-(M227-'Input & Settings'!$B$11)*20)),"")) | X227: =IF(N227="","",IFERROR(MIN(100,N227/'Input & Settings'!$B$12*100),"")) | Y227: =IF(O227="","",IFERROR(MIN(100,O227/'Input & Settings'!$B$13*100),"")) | Z227: =IF(P227="","",IFERROR(IF(P227<='Input & Settings'!$B$14,100,MAX(0,100-(P227-'Input & Settings'!$B$14)*20)),"")) | AA227: =IF(COUNTA(G227:P227)=0,"",ROUND(Q227*'Input & Settings'!$C$5+R227*'Input & Settings'!$C$6+S227*'Input & Settings'!$C$7+T227*'Input & Settings'!$C$8+U227*'Input & Settings'!$C$9+V227*'Input & Settings'!$C$10+W227*'Input & Settings'!$C$11+X227*'Input & Settings'!$C$12+Y227*'Input & Settings'!$C$13+Z227*'Input & Settings'!$C$14,1)) | AB227: =IF(OR(AA227="",E227=""),"",IFERROR(IF(AA227>=VLOOKUP(E227,'Input & Settings'!$F$5:$K$10,3,FALSE),"Outstanding",IF(AA227>=VLOOKUP(E227,'Input & Settings'!$F$5:$K$10,4,FALSE),"Exceeds Expectations",IF(AA227>=VLOOKUP(E227,'Input & Settings'!$F$5:$K$10,5,FALSE),"Meets Expectations",IF(AA227>=VLOOKUP(E227,'Input & Settings'!$F$5:$K$10,6,FALSE),"Needs Improvement","Performance Improvement Required")))),"")) | AC227: =IF(COUNTA(G227:P227)+COUNTA(AD227:AE227)>0,"Entered","") | AF227: =IF(AD227<>"",AD227,AA227) | AG227: =IF(AE227<>"",AE227,AB227) | AH227: =D227&"|"&B227 -> Jose Reyes-Navolskyi (Ivan)|June
A228: 2026 | B228: June | C228: Joshio Flores | D228: Jonathan Davila | F228: =IF(E228="","",IFERROR(VLOOKUP(E228,'Input & Settings'!$F$5:$G$10,2,FALSE),"")) | Q228: =IF(G228="","",IFERROR(MIN(100,G228/'Input & Settings'!$B$5*100),"")) | R228: =IF(H228="","",IFERROR(MIN(100,H228/'Input & Settings'!$B$6*100),"")) | S228: =IF(I228="","",IFERROR(MIN(100,I228/'Input & Settings'!$B$7*100),"")) | T228: =IF(J228="","",IFERROR(MIN(100,J228/'Input & Settings'!$B$8*100),"")) | U228: =IF(K228="","",IFERROR(MIN(100,K228/'Input & Settings'!$B$9*100),"")) | V228: =IF(L228="","",IFERROR(MIN(100,L228/'Input & Settings'!$B$10*100),"")) | W228: =IF(M228="","",IFERROR(IF(M228<='Input & Settings'!$B$11,100,MAX(0,100-(M228-'Input & Settings'!$B$11)*20)),"")) | X228: =IF(N228="","",IFERROR(MIN(100,N228/'Input & Settings'!$B$12*100),"")) | Y228: =IF(O228="","",IFERROR(MIN(100,O228/'Input & Settings'!$B$13*100),"")) | Z228: =IF(P228="","",IFERROR(IF(P228<='Input & Settings'!$B$14,100,MAX(0,100-(P228-'Input & Settings'!$B$14)*20)),"")) | AA228: =IF(COUNTA(G228:P228)=0,"",ROUND(Q228*'Input & Settings'!$C$5+R228*'Input & Settings'!$C$6+S228*'Input & Settings'!$C$7+T228*'Input & Settings'!$C$8+U228*'Input & Settings'!$C$9+V228*'Input & Settings'!$C$10+W228*'Input & Settings'!$C$11+X228*'Input & Settings'!$C$12+Y228*'Input & Settings'!$C$13+Z228*'Input & Settings'!$C$14,1)) | AB228: =IF(OR(AA228="",E228=""),"",IFERROR(IF(AA228>=VLOOKUP(E228,'Input & Settings'!$F$5:$K$10,3,FALSE),"Outstanding",IF(AA228>=VLOOKUP(E228,'Input & Settings'!$F$5:$K$10,4,FALSE),"Exceeds Expectations",IF(AA228>=VLOOKUP(E228,'Input & Settings'!$F$5:$K$10,5,FALSE),"Meets Expectations",IF(AA228>=VLOOKUP(E228,'Input & Settings'!$F$5:$K$10,6,FALSE),"Needs Improvement","Performance Improvement Required")))),"")) | AC228: =IF(COUNTA(G228:P228)+COUNTA(AD228:AE228)>0,"Entered","") | AF228: =IF(AD228<>"",AD228,AA228) | AG228: =IF(AE228<>"",AE228,AB228) | AH228: =D228&"|"&B228 -> Jonathan Davila|June
A229: 2026 | B229: June | C229: Rafael Amaro | D229: Kevin Luburd | E229: 2nd Shift Weekend | F229: =IF(E229="","",IFERROR(VLOOKUP(E229,'Input & Settings'!$F$5:$G$10,2,FALSE),"")) -> Low | Q229: =IF(G229="","",IFERROR(MIN(100,G229/'Input & Settings'!$B$5*100),"")) | R229: =IF(H229="","",IFERROR(MIN(100,H229/'Input & Settings'!$B$6*100),"")) | S229: =IF(I229="","",IFERROR(MIN(100,I229/'Input & Settings'!$B$7*100),"")) | T229: =IF(J229="","",IFERROR(MIN(100,J229/'Input & Settings'!$B$8*100),"")) | U229: =IF(K229="","",IFERROR(MIN(100,K229/'Input & Settings'!$B$9*100),"")) | V229: =IF(L229="","",IFERROR(MIN(100,L229/'Input & Settings'!$B$10*100),"")) | W229: =IF(M229="","",IFERROR(IF(M229<='Input & Settings'!$B$11,100,MAX(0,100-(M229-'Input & Settings'!$B$11)*20)),"")) | X229: =IF(N229="","",IFERROR(MIN(100,N229/'Input & Settings'!$B$12*100),"")) | Y229: =IF(O229="","",IFERROR(MIN(100,O229/'Input & Settings'!$B$13*100),"")) | Z229: =IF(P229="","",IFERROR(IF(P229<='Input & Settings'!$B$14,100,MAX(0,100-(P229-'Input & Settings'!$B$14)*20)),"")) | AA229: =IF(COUNTA(G229:P229)=0,"",ROUND(Q229*'Input & Settings'!$C$5+R229*'Input & Settings'!$C$6+S229*'Input & Settings'!$C$7+T229*'Input & Settings'!$C$8+U229*'Input & Settings'!$C$9+V229*'Input & Settings'!$C$10+W229*'Input & Settings'!$C$11+X229*'Input & Settings'!$C$12+Y229*'Input & Settings'!$C$13+Z229*'Input & Settings'!$C$14,1)) | AB229: =IF(OR(AA229="",E229=""),"",IFERROR(IF(AA229>=VLOOKUP(E229,'Input & Settings'!$F$5:$K$10,3,FALSE),"Outstanding",IF(AA229>=VLOOKUP(E229,'Input & Settings'!$F$5:$K$10,4,FALSE),"Exceeds Expectations",IF(AA229>=VLOOKUP(E229,'Input & Settings'!$F$5:$K$10,5,FALSE),"Meets Expectations",IF(AA229>=VLOOKUP(E229,'Input & Settings'!$F$5:$K$10,6,FALSE),"Needs Improvement","Performance Improvement Required")))),"")) | AC229: =IF(COUNTA(G229:P229)+COUNTA(AD229:AE229)>0,"Entered","") | AF229: =IF(AD229<>"",AD229,AA229) | AG229: =IF(AE229<>"",AE229,AB229) | AH229: =D229&"|"&B229 -> Kevin Luburd|June
A230: 2026 | B230: June | C230: Rafael Amaro | D230: Anthony Thompson | E230: 1st Shift | F230: =IF(E230="","",IFERROR(VLOOKUP(E230,'Input & Settings'!$F$5:$G$10,2,FALSE),"")) -> High | G230: 19 | H230: 2 | I230: 1 | J230: 2 | K230: 5 | L230: 0.8 | M230: 4 | N230: 0 | O230: 0 | P230: 10 | Q230: =IF(G230="","",IFERROR(MIN(100,G230/'Input & Settings'!$B$5*100),"")) -> 25.333333 | R230: =IF(H230="","",IFERROR(MIN(100,H230/'Input & Settings'!$B$6*100),"")) -> 2.5 | S230: =IF(I230="","",IFERROR(MIN(100,I230/'Input & Settings'!$B$7*100),"")) -> 100 | T230: =IF(J230="","",IFERROR(MIN(100,J230/'Input & Settings'!$B$8*100),"")) -> 10 | U230: =IF(K230="","",IFERROR(MIN(100,K230/'Input & Settings'!$B$9*100),"")) -> 100 | V230: =IF(L230="","",IFERROR(MIN(100,L230/'Input & Settings'!$B$10*100),"")) -> 84.210526 | W230: =IF(M230="","",IFERROR(IF(M230<='Input & Settings'!$B$11,100,MAX(0,100-(M230-'Input & Settings'!$B$11)*20)),"")) -> 100 | X230: =IF(N230="","",IFERROR(MIN(100,N230/'Input & Settings'!$B$12*100),"")) -> 0 | Y230: =IF(O230="","",IFERROR(MIN(100,O230/'Input & Settings'!$B$13*100),"")) -> 0 | Z230: =IF(P230="","",IFERROR(IF(P230<='Input & Settings'!$B$14,100,MAX(0,100-(P230-'Input & Settings'!$B$14)*20)),"")) -> 0 | AA230: =IF(COUNTA(G230:P230)=0,"",ROUND(Q230*'Input & Settings'!$C$5+R230*'Input & Settings'!$C$6+S230*'Input & Settings'!$C$7+T230*'Input & Settings'!$C$8+U230*'Input & Settings'!$C$9+V230*'Input & Settings'!$C$10+W230*'Input & Settings'!$C$11+X230*'Input & Settings'!$C$12+Y230*'Input & Settings'!$C$13+Z230*'Input & Settings'!$C$14,1)) -> 43.5 | AB230: =IF(OR(AA230="",E230=""),"",IFERROR(IF(AA230>=VLOOKUP(E230,'Input & Settings'!$F$5:$K$10,3,FALSE),"Outstanding",IF(AA230>=VLOOKUP(E230,'Input & Settings'!$F$5:$K$10,4,FALSE),"Exceeds Expectations",IF(AA230>=VLOOKUP(E230,'Input & Settings'!$F$5:$K$10,5,FALSE),"Meets Expectations",IF(AA230>=VLOOKUP(E230,'Input & Settings'!$F$5:$K$10,6,FALSE),"Needs Improvement","Performance Improvement Required")))),"")) -> Performance Improvement Required | AC230: =IF(COUNTA(G230:P230)+COUNTA(AD230:AE230)>0,"Entered","") -> Entered | AF230: =IF(AD230<>"",AD230,AA230) -> 43.5 | AG230: =IF(AE230<>"",AE230,AB230) -> Performance Improvement Required | AH230: =D230&"|"&B230 -> Anthony Thompson|June
A231: 2026 | B231: June | C231: Rafael Amaro | D231: Shamar Modeste | E231: 3rd Shift Weekend | F231: =IF(E231="","",IFERROR(VLOOKUP(E231,'Input & Settings'!$F$5:$G$10,2,FALSE),"")) -> Low | G231: 20 | H231: 1 | I231: 1 | J231: 1 | K231: 4.5 | L231: 0.95 | M231: 0 | N231: 1 | O231: 0 | P231: 5 | Q231: =IF(G231="","",IFERROR(MIN(100,G231/'Input & Settings'!$B$5*100),"")) -> 26.666667 | R231: =IF(H231="","",IFERROR(MIN(100,H231/'Input & Settings'!$B$6*100),"")) -> 1.25 | S231: =IF(I231="","",IFERROR(MIN(100,I231/'Input & Settings'!$B$7*100),"")) -> 100 | T231: =IF(J231="","",IFERROR(MIN(100,J231/'Input & Settings'!$B$8*100),"")) -> 5 | U231: =IF(K231="","",IFERROR(MIN(100,K231/'Input & Settings'!$B$9*100),"")) -> 95.744681 | V231: =IF(L231="","",IFERROR(MIN(100,L231/'Input & Settings'!$B$10*100),"")) -> 100 | W231: =IF(M231="","",IFERROR(IF(M231<='Input & Settings'!$B$11,100,MAX(0,100-(M231-'Input & Settings'!$B$11)*20)),"")) -> 100 | X231: =IF(N231="","",IFERROR(MIN(100,N231/'Input & Settings'!$B$12*100),"")) -> 100 | Y231: =IF(O231="","",IFERROR(MIN(100,O231/'Input & Settings'!$B$13*100),"")) -> 0 | Z231: =IF(P231="","",IFERROR(IF(P231<='Input & Settings'!$B$14,100,MAX(0,100-(P231-'Input & Settings'!$B$14)*20)),"")) -> 100 | AA231: =IF(COUNTA(G231:P231)=0,"",ROUND(Q231*'Input & Settings'!$C$5+R231*'Input & Settings'!$C$6+S231*'Input & Settings'!$C$7+T231*'Input & Settings'!$C$8+U231*'Input & Settings'!$C$9+V231*'Input & Settings'!$C$10+W231*'Input & Settings'!$C$11+X231*'Input & Settings'!$C$12+Y231*'Input & Settings'!$C$13+Z231*'Input & Settings'!$C$14,1)) -> 64.2 | AB231: =IF(OR(AA231="",E231=""),"",IFERROR(IF(AA231>=VLOOKUP(E231,'Input & Settings'!$F$5:$K$10,3,FALSE),"Outstanding",IF(AA231>=VLOOKUP(E231,'Input & Settings'!$F$5:$K$10,4,FALSE),"Exceeds Expectations",IF(AA231>=VLOOKUP(E231,'Input & Settings'!$F$5:$K$10,5,FALSE),"Meets Expectations",IF(AA231>=VLOOKUP(E231,'Input & Settings'!$F$5:$K$10,6,FALSE),"Needs Improvement","Performance Improvement Required")))),"")) -> Exceeds Expectations | AC231: =IF(COUNTA(G231:P231)+COUNTA(AD231:AE231)>0,"Entered","") -> Entered | AF231: =IF(AD231<>"",AD231,AA231) -> 64.2 | AG231: =IF(AE231<>"",AE231,AB231) -> Exceeds Expectations | AH231: =D231&"|"&B231 -> Shamar Modeste|June
A232: 2026 | B232: June | C232: Rafael Amaro | D232: Steven Morejon | E232: 1st Shift | F232: =IF(E232="","",IFERROR(VLOOKUP(E232,'Input & Settings'!$F$5:$G$10,2,FALSE),"")) -> High | G232: 114 | H232: 35 | I232: 1 | J232: 0 | K232: 4.69 | L232: 1 | M232: 6 | N232: 0 | O232: 1 | P232: 4 | Q232: =IF(G232="","",IFERROR(MIN(100,G232/'Input & Settings'!$B$5*100),"")) -> 100 | R232: =IF(H232="","",IFERROR(MIN(100,H232/'Input & Settings'!$B$6*100),"")) -> 43.75 | S232: =IF(I232="","",IFERROR(MIN(100,I232/'Input & Settings'!$B$7*100),"")) -> 100 | T232: =IF(J232="","",IFERROR(MIN(100,J232/'Input & Settings'!$B$8*100),"")) -> 0 | U232: =IF(K232="","",IFERROR(MIN(100,K232/'Input & Settings'!$B$9*100),"")) -> 99.787234 | V232: =IF(L232="","",IFERROR(MIN(100,L232/'Input & Settings'!$B$10*100),"")) -> 100 | W232: =IF(M232="","",IFERROR(IF(M232<='Input & Settings'!$B$11,100,MAX(0,100-(M232-'Input & Settings'!$B$11)*20)),"")) -> 80 | X232: =IF(N232="","",IFERROR(MIN(100,N232/'Input & Settings'!$B$12*100),"")) -> 0 | Y232: =IF(O232="","",IFERROR(MIN(100,O232/'Input & Settings'!$B$13*100),"")) -> 50 | Z232: =IF(P232="","",IFERROR(IF(P232<='Input & Settings'!$B$14,100,MAX(0,100-(P232-'Input & Settings'!$B$14)*20)),"")) -> 100 | AA232: =IF(COUNTA(G232:P232)=0,"",ROUND(Q232*'Input & Settings'!$C$5+R232*'Input & Settings'!$C$6+S232*'Input & Settings'!$C$7+T232*'Input & Settings'!$C$8+U232*'Input & Settings'!$C$9+V232*'Input & Settings'!$C$10+W232*'Input & Settings'!$C$11+X232*'Input & Settings'!$C$12+Y232*'Input & Settings'!$C$13+Z232*'Input & Settings'!$C$14,1)) -> 74.9 | AB232: =IF(OR(AA232="",E232=""),"",IFERROR(IF(AA232>=VLOOKUP(E232,'Input & Settings'!$F$5:$K$10,3,FALSE),"Outstanding",IF(AA232>=VLOOKUP(E232,'Input & Settings'!$F$5:$K$10,4,FALSE),"Exceeds Expectations",IF(AA232>=VLOOKUP(E232,'Input & Settings'!$F$5:$K$10,5,FALSE),"Meets Expectations",IF(AA232>=VLOOKUP(E232,'Input & Settings'!$F$5:$K$10,6,FALSE),"Needs Improvement","Performance Improvement Required")))),"")) -> Exceeds Expectations | AC232: =IF(COUNTA(G232:P232)+COUNTA(AD232:AE232)>0,"Entered","") -> Entered | AF232: =IF(AD232<>"",AD232,AA232) -> 74.9 | AG232: =IF(AE232<>"",AE232,AB232) -> Exceeds Expectations | AH232: =D232&"|"&B232 -> Steven Morejon|June
A233: 2026 | B233: June | C233: Rafael Amaro | D233: Nicolas Abello | E233: 1st Shift Weekend | F233: =IF(E233="","",IFERROR(VLOOKUP(E233,'Input & Settings'!$F$5:$G$10,2,FALSE),"")) -> Normal | G233: 106 | H233: 103 | I233: 1 | J233: 7 | K233: 5 | L233: 1 | M233: 0 | N233: 0 | O233: 1 | P233: 12 | Q233: =IF(G233="","",IFERROR(MIN(100,G233/'Input & Settings'!$B$5*100),"")) -> 100 | R233: =IF(H233="","",IFERROR(MIN(100,H233/'Input & Settings'!$B$6*100),"")) -> 100 | S233: =IF(I233="","",IFERROR(MIN(100,I233/'Input & Settings'!$B$7*100),"")) -> 100 | T233: =IF(J233="","",IFERROR(MIN(100,J233/'Input & Settings'!$B$8*100),"")) -> 35 | U233: =IF(K233="","",IFERROR(MIN(100,K233/'Input & Settings'!$B$9*100),"")) -> 100 | V233: =IF(L233="","",IFERROR(MIN(100,L233/'Input & Settings'!$B$10*100),"")) -> 100 | W233: =IF(M233="","",IFERROR(IF(M233<='Input & Settings'!$B$11,100,MAX(0,100-(M233-'Input & Settings'!$B$11)*20)),"")) -> 100 | X233: =IF(N233="","",IFERROR(MIN(100,N233/'Input & Settings'!$B$12*100),"")) -> 0 | Y233: =IF(O233="","",IFERROR(MIN(100,O233/'Input & Settings'!$B$13*100),"")) -> 50 | Z233: =IF(P233="","",IFERROR(IF(P233<='Input & Settings'!$B$14,100,MAX(0,100-(P233-'Input & Settings'!$B$14)*20)),"")) -> 0 | AA233: =IF(COUNTA(G233:P233)=0,"",ROUND(Q233*'Input & Settings'!$C$5+R233*'Input & Settings'!$C$6+S233*'Input & Settings'!$C$7+T233*'Input & Settings'!$C$8+U233*'Input & Settings'!$C$9+V233*'Input & Settings'!$C$10+W233*'Input & Settings'!$C$11+X233*'Input & Settings'!$C$12+Y233*'Input & Settings'!$C$13+Z233*'Input & Settings'!$C$14,1)) -> 71 | AB233: =IF(OR(AA233="",E233=""),"",IFERROR(IF(AA233>=VLOOKUP(E233,'Input & Settings'!$F$5:$K$10,3,FALSE),"Outstanding",IF(AA233>=VLOOKUP(E233,'Input & Settings'!$F$5:$K$10,4,FALSE),"Exceeds Expectations",IF(AA233>=VLOOKUP(E233,'Input & Settings'!$F$5:$K$10,5,FALSE),"Meets Expectations",IF(AA233>=VLOOKUP(E233,'Input & Settings'!$F$5:$K$10,6,FALSE),"Needs Improvement","Performance Improvement Required")))),"")) -> Exceeds Expectations | AC233: =IF(COUNTA(G233:P233)+COUNTA(AD233:AE233)>0,"Entered","") -> Entered | AF233: =IF(AD233<>"",AD233,AA233) -> 71 | AG233: =IF(AE233<>"",AE233,AB233) -> Exceeds Expectations | AH233: =D233&"|"&B233 -> Nicolas Abello|June
A234: 2026 | B234: June | C234: Rafael Amaro | D234: Carlos Espinosa | E234: 2nd Shift | F234: =IF(E234="","",IFERROR(VLOOKUP(E234,'Input & Settings'!$F$5:$G$10,2,FALSE),"")) -> Normal | G234: 69 | H234: 22 | I234: 1 | J234: 13 | K234: 5 | L234: 1 | M234: 0 | N234: 0 | O234: 0 | P234: 1 | Q234: =IF(G234="","",IFERROR(MIN(100,G234/'Input & Settings'!$B$5*100),"")) -> 92 | R234: =IF(H234="","",IFERROR(MIN(100,H234/'Input & Settings'!$B$6*100),"")) -> 27.5 | S234: =IF(I234="","",IFERROR(MIN(100,I234/'Input & Settings'!$B$7*100),"")) -> 100 | T234: =IF(J234="","",IFERROR(MIN(100,J234/'Input & Settings'!$B$8*100),"")) -> 65 | U234: =IF(K234="","",IFERROR(MIN(100,K234/'Input & Settings'!$B$9*100),"")) -> 100 | V234: =IF(L234="","",IFERROR(MIN(100,L234/'Input & Settings'!$B$10*100),"")) -> 100 | W234: =IF(M234="","",IFERROR(IF(M234<='Input & Settings'!$B$11,100,MAX(0,100-(M234-'Input & Settings'!$B$11)*20)),"")) -> 100 | X234: =IF(N234="","",IFERROR(MIN(100,N234/'Input & Settings'!$B$12*100),"")) -> 0 | Y234: =IF(O234="","",IFERROR(MIN(100,O234/'Input & Settings'!$B$13*100),"")) -> 0 | Z234: =IF(P234="","",IFERROR(IF(P234<='Input & Settings'!$B$14,100,MAX(0,100-(P234-'Input & Settings'!$B$14)*20)),"")) -> 100 | AA234: =IF(COUNTA(G234:P234)=0,"",ROUND(Q234*'Input & Settings'!$C$5+R234*'Input & Settings'!$C$6+S234*'Input & Settings'!$C$7+T234*'Input & Settings'!$C$8+U234*'Input & Settings'!$C$9+V234*'Input & Settings'!$C$10+W234*'Input & Settings'!$C$11+X234*'Input & Settings'!$C$12+Y234*'Input & Settings'!$C$13+Z234*'Input & Settings'!$C$14,1)) -> 78.1 | AB234: =IF(OR(AA234="",E234=""),"",IFERROR(IF(AA234>=VLOOKUP(E234,'Input & Settings'!$F$5:$K$10,3,FALSE),"Outstanding",IF(AA234>=VLOOKUP(E234,'Input & Settings'!$F$5:$K$10,4,FALSE),"Exceeds Expectations",IF(AA234>=VLOOKUP(E234,'Input & Settings'!$F$5:$K$10,5,FALSE),"Meets Expectations",IF(AA234>=VLOOKUP(E234,'Input & Settings'!$F$5:$K$10,6,FALSE),"Needs Improvement","Performance Improvement Required")))),"")) -> Outstanding | AC234: =IF(COUNTA(G234:P234)+COUNTA(AD234:AE234)>0,"Entered","") -> Entered | AF234: =IF(AD234<>"",AD234,AA234) -> 78.1 | AG234: =IF(AE234<>"",AE234,AB234) -> Outstanding | AH234: =D234&"|"&B234 -> Carlos Espinosa|June
A235: 2026 | B235: June | C235: Rafael Amaro | D235: Fernando Barbera - Boyer | E235: 1st Shift | F235: =IF(E235="","",IFERROR(VLOOKUP(E235,'Input & Settings'!$F$5:$G$10,2,FALSE),"")) -> High | G235: 146 | H235: 33 | I235: 1 | J235: 16 | K235: 4.83 | L235: 1 | M235: 1 | N235: 0 | O235: 1 | P235: 6 | Q235: =IF(G235="","",IFERROR(MIN(100,G235/'Input & Settings'!$B$5*100),"")) -> 100 | R235: =IF(H235="","",IFERROR(MIN(100,H235/'Input & Settings'!$B$6*100),"")) -> 41.25 | S235: =IF(I235="","",IFERROR(MIN(100,I235/'Input & Settings'!$B$7*100),"")) -> 100 | T235: =IF(J235="","",IFERROR(MIN(100,J235/'Input & Settings'!$B$8*100),"")) -> 80 | U235: =IF(K235="","",IFERROR(MIN(100,K235/'Input & Settings'!$B$9*100),"")) -> 100 | V235: =IF(L235="","",IFERROR(MIN(100,L235/'Input & Settings'!$B$10*100),"")) -> 100 | W235: =IF(M235="","",IFERROR(IF(M235<='Input & Settings'!$B$11,100,MAX(0,100-(M235-'Input & Settings'!$B$11)*20)),"")) -> 100 | X235: =IF(N235="","",IFERROR(MIN(100,N235/'Input & Settings'!$B$12*100),"")) -> 0 | Y235: =IF(O235="","",IFERROR(MIN(100,O235/'Input & Settings'!$B$13*100),"")) -> 50 | Z235: =IF(P235="","",IFERROR(IF(P235<='Input & Settings'!$B$14,100,MAX(0,100-(P235-'Input & Settings'!$B$14)*20)),"")) -> 80 | AA235: =IF(COUNTA(G235:P235)=0,"",ROUND(Q235*'Input & Settings'!$C$5+R235*'Input & Settings'!$C$6+S235*'Input & Settings'!$C$7+T235*'Input & Settings'!$C$8+U235*'Input & Settings'!$C$9+V235*'Input & Settings'!$C$10+W235*'Input & Settings'!$C$11+X235*'Input & Settings'!$C$12+Y235*'Input & Settings'!$C$13+Z235*'Input & Settings'!$C$14,1)) -> 81.6 | AB235: =IF(OR(AA235="",E235=""),"",IFERROR(IF(AA235>=VLOOKUP(E235,'Input & Settings'!$F$5:$K$10,3,FALSE),"Outstanding",IF(AA235>=VLOOKUP(E235,'Input & Settings'!$F$5:$K$10,4,FALSE),"Exceeds Expectations",IF(AA235>=VLOOKUP(E235,'Input & Settings'!$F$5:$K$10,5,FALSE),"Meets Expectations",IF(AA235>=VLOOKUP(E235,'Input & Settings'!$F$5:$K$10,6,FALSE),"Needs Improvement","Performance Improvement Required")))),"")) -> Outstanding | AC235: =IF(COUNTA(G235:P235)+COUNTA(AD235:AE235)>0,"Entered","") -> Entered | AF235: =IF(AD235<>"",AD235,AA235) -> 81.6 | AG235: =IF(AE235<>"",AE235,AB235) -> Outstanding | AH235: =D235&"|"&B235 -> Fernando Barbera - Boyer|June
A236: 2026 | B236: June | C236: Rafael Amaro | D236: Miquelle Cordova | E236: 1st Shift | F236: =IF(E236="","",IFERROR(VLOOKUP(E236,'Input & Settings'!$F$5:$G$10,2,FALSE),"")) -> High | G236: 66 | H236: 24 | I236: 1 | J236: 0 | K236: 5 | L236: 1 | M236: 1 | N236: 0 | O236: 0 | P236: 5 | Q236: =IF(G236="","",IFERROR(MIN(100,G236/'Input & Settings'!$B$5*100),"")) -> 88 | R236: =IF(H236="","",IFERROR(MIN(100,H236/'Input & Settings'!$B$6*100),"")) -> 30 | S236: =IF(I236="","",IFERROR(MIN(100,I236/'Input & Settings'!$B$7*100),"")) -> 100 | T236: =IF(J236="","",IFERROR(MIN(100,J236/'Input & Settings'!$B$8*100),"")) -> 0 | U236: =IF(K236="","",IFERROR(MIN(100,K236/'Input & Settings'!$B$9*100),"")) -> 100 | V236: =IF(L236="","",IFERROR(MIN(100,L236/'Input & Settings'!$B$10*100),"")) -> 100 | W236: =IF(M236="","",IFERROR(IF(M236<='Input & Settings'!$B$11,100,MAX(0,100-(M236-'Input & Settings'!$B$11)*20)),"")) -> 100 | X236: =IF(N236="","",IFERROR(MIN(100,N236/'Input & Settings'!$B$12*100),"")) -> 0 | Y236: =IF(O236="","",IFERROR(MIN(100,O236/'Input & Settings'!$B$13*100),"")) -> 0 | Z236: =IF(P236="","",IFERROR(IF(P236<='Input & Settings'!$B$14,100,MAX(0,100-(P236-'Input & Settings'!$B$14)*20)),"")) -> 100 | AA236: =IF(COUNTA(G236:P236)=0,"",ROUND(Q236*'Input & Settings'!$C$5+R236*'Input & Settings'!$C$6+S236*'Input & Settings'!$C$7+T236*'Input & Settings'!$C$8+U236*'Input & Settings'!$C$9+V236*'Input & Settings'!$C$10+W236*'Input & Settings'!$C$11+X236*'Input & Settings'!$C$12+Y236*'Input & Settings'!$C$13+Z236*'Input & Settings'!$C$14,1)) -> 71.2 | AB236: =IF(OR(AA236="",E236=""),"",IFERROR(IF(AA236>=VLOOKUP(E236,'Input & Settings'!$F$5:$K$10,3,FALSE),"Outstanding",IF(AA236>=VLOOKUP(E236,'Input & Settings'!$F$5:$K$10,4,FALSE),"Exceeds Expectations",IF(AA236>=VLOOKUP(E236,'Input & Settings'!$F$5:$K$10,5,FALSE),"Meets Expectations",IF(AA236>=VLOOKUP(E236,'Input & Settings'!$F$5:$K$10,6,FALSE),"Needs Improvement","Performance Improvement Required")))),"")) -> Exceeds Expectations | AC236: =IF(COUNTA(G236:P236)+COUNTA(AD236:AE236)>0,"Entered","") -> Entered | AF236: =IF(AD236<>"",AD236,AA236) -> 71.2 | AG236: =IF(AE236<>"",AE236,AB236) -> Exceeds Expectations | AH236: =D236&"|"&B236 -> Miquelle Cordova|June
A237: 2026 | B237: June | C237: Rafael Amaro | D237: Daniel Sanchez | E237: 2nd Shift | F237: =IF(E237="","",IFERROR(VLOOKUP(E237,'Input & Settings'!$F$5:$G$10,2,FALSE),"")) -> Normal | G237: 90 | H237: 42 | I237: 1 | J237: 14 | K237: 3 | L237: 1 | M237: 1 | N237: 0 | O237: 0 | P237: 1 | Q237: =IF(G237="","",IFERROR(MIN(100,G237/'Input & Settings'!$B$5*100),"")) -> 100 | R237: =IF(H237="","",IFERROR(MIN(100,H237/'Input & Settings'!$B$6*100),"")) -> 52.5 | S237: =IF(I237="","",IFERROR(MIN(100,I237/'Input & Settings'!$B$7*100),"")) -> 100 | T237: =IF(J237="","",IFERROR(MIN(100,J237/'Input & Settings'!$B$8*100),"")) -> 70 | U237: =IF(K237="","",IFERROR(MIN(100,K237/'Input & Settings'!$B$9*100),"")) -> 63.829787 | V237: =IF(L237="","",IFERROR(MIN(100,L237/'Input & Settings'!$B$10*100),"")) -> 100 | W237: =IF(M237="","",IFERROR(IF(M237<='Input & Settings'!$B$11,100,MAX(0,100-(M237-'Input & Settings'!$B$11)*20)),"")) -> 100 | X237: =IF(N237="","",IFERROR(MIN(100,N237/'Input & Settings'!$B$12*100),"")) -> 0 | Y237: =IF(O237="","",IFERROR(MIN(100,O237/'Input & Settings'!$B$13*100),"")) -> 0 | Z237: =IF(P237="","",IFERROR(IF(P237<='Input & Settings'!$B$14,100,MAX(0,100-(P237-'Input & Settings'!$B$14)*20)),"")) -> 100 | AA237: =IF(COUNTA(G237:P237)=0,"",ROUND(Q237*'Input & Settings'!$C$5+R237*'Input & Settings'!$C$6+S237*'Input & Settings'!$C$7+T237*'Input & Settings'!$C$8+U237*'Input & Settings'!$C$9+V237*'Input & Settings'!$C$10+W237*'Input & Settings'!$C$11+X237*'Input & Settings'!$C$12+Y237*'Input & Settings'!$C$13+Z237*'Input & Settings'!$C$14,1)) -> 78.6 | AB237: =IF(OR(AA237="",E237=""),"",IFERROR(IF(AA237>=VLOOKUP(E237,'Input & Settings'!$F$5:$K$10,3,FALSE),"Outstanding",IF(AA237>=VLOOKUP(E237,'Input & Settings'!$F$5:$K$10,4,FALSE),"Exceeds Expectations",IF(AA237>=VLOOKUP(E237,'Input & Settings'!$F$5:$K$10,5,FALSE),"Meets Expectations",IF(AA237>=VLOOKUP(E237,'Input & Settings'!$F$5:$K$10,6,FALSE),"Needs Improvement","Performance Improvement Required")))),"")) -> Outstanding | AC237: =IF(COUNTA(G237:P237)+COUNTA(AD237:AE237)>0,"Entered","") -> Entered | AF237: =IF(AD237<>"",AD237,AA237) -> 78.6 | AG237: =IF(AE237<>"",AE237,AB237) -> Outstanding | AH237: =D237&"|"&B237 -> Daniel Sanchez|June
A238: 2026 | B238: June | C238: Rafael Amaro | D238: Braynon Edwards | E238: 2nd Shift | F238: =IF(E238="","",IFERROR(VLOOKUP(E238,'Input & Settings'!$F$5:$G$10,2,FALSE),"")) -> Normal | G238: 11 | H238: 5 | I238: 1 | J238: 2 | K238: 5 | L238: 0.95 | M238: 2 | N238: 0 | O238: 0 | P238: 0 | Q238: =IF(G238="","",IFERROR(MIN(100,G238/'Input & Settings'!$B$5*100),"")) -> 14.666667 | R238: =IF(H238="","",IFERROR(MIN(100,H238/'Input & Settings'!$B$6*100),"")) -> 6.25 | S238: =IF(I238="","",IFERROR(MIN(100,I238/'Input & Settings'!$B$7*100),"")) -> 100 | T238: =IF(J238="","",IFERROR(MIN(100,J238/'Input & Settings'!$B$8*100),"")) -> 10 | U238: =IF(K238="","",IFERROR(MIN(100,K238/'Input & Settings'!$B$9*100),"")) -> 100 | V238: =IF(L238="","",IFERROR(MIN(100,L238/'Input & Settings'!$B$10*100),"")) -> 100 | W238: =IF(M238="","",IFERROR(IF(M238<='Input & Settings'!$B$11,100,MAX(0,100-(M238-'Input & Settings'!$B$11)*20)),"")) -> 100 | X238: =IF(N238="","",IFERROR(MIN(100,N238/'Input & Settings'!$B$12*100),"")) -> 0 | Y238: =IF(O238="","",IFERROR(MIN(100,O238/'Input & Settings'!$B$13*100),"")) -> 0 | Z238: =IF(P238="","",IFERROR(IF(P238<='Input & Settings'!$B$14,100,MAX(0,100-(P238-'Input & Settings'!$B$14)*20)),"")) -> 100 | AA238: =IF(COUNTA(G238:P238)=0,"",ROUND(Q238*'Input & Settings'!$C$5+R238*'Input & Settings'!$C$6+S238*'Input & Settings'!$C$7+T238*'Input & Settings'!$C$8+U238*'Input & Settings'!$C$9+V238*'Input & Settings'!$C$10+W238*'Input & Settings'!$C$11+X238*'Input & Settings'!$C$12+Y238*'Input & Settings'!$C$13+Z238*'Input & Settings'!$C$14,1)) -> 58.8 | AB238: =IF(OR(AA238="",E238=""),"",IFERROR(IF(AA238>=VLOOKUP(E238,'Input & Settings'!$F$5:$K$10,3,FALSE),"Outstanding",IF(AA238>=VLOOKUP(E238,'Input & Settings'!$F$5:$K$10,4,FALSE),"Exceeds Expectations",IF(AA238>=VLOOKUP(E238,'Input & Settings'!$F$5:$K$10,5,FALSE),"Meets Expectations",IF(AA238>=VLOOKUP(E238,'Input & Settings'!$F$5:$K$10,6,FALSE),"Needs Improvement","Performance Improvement Required")))),"")) -> Needs Improvement | AC238: =IF(COUNTA(G238:P238)+COUNTA(AD238:AE238)>0,"Entered","") -> Entered | AF238: =IF(AD238<>"",AD238,AA238) -> 58.8 | AG238: =IF(AE238<>"",AE238,AB238) -> Needs Improvement | AH238: =D238&"|"&B238 -> Braynon Edwards|June
A239: 2026 | B239: June | C239: Rafael Amaro | D239: Sebastian Lopez | E239: 3rd Shift | F239: =IF(E239="","",IFERROR(VLOOKUP(E239,'Input & Settings'!$F$5:$G$10,2,FALSE),"")) -> Low | G239: 46 | H239: 50 | I239: 1 | J239: 1 | K239: 5 | L239: 1 | M239: 1 | N239: 0 | O239: 0 | P239: 0 | Q239: =IF(G239="","",IFERROR(MIN(100,G239/'Input & Settings'!$B$5*100),"")) -> 61.333333 | R239: =IF(H239="","",IFERROR(MIN(100,H239/'Input & Settings'!$B$6*100),"")) -> 62.5 | S239: =IF(I239="","",IFERROR(MIN(100,I239/'Input & Settings'!$B$7*100),"")) -> 100 | T239: =IF(J239="","",IFERROR(MIN(100,J239/'Input & Settings'!$B$8*100),"")) -> 5 | U239: =IF(K239="","",IFERROR(MIN(100,K239/'Input & Settings'!$B$9*100),"")) -> 100 | V239: =IF(L239="","",IFERROR(MIN(100,L239/'Input & Settings'!$B$10*100),"")) -> 100 | W239: =IF(M239="","",IFERROR(IF(M239<='Input & Settings'!$B$11,100,MAX(0,100-(M239-'Input & Settings'!$B$11)*20)),"")) -> 100 | X239: =IF(N239="","",IFERROR(MIN(100,N239/'Input & Settings'!$B$12*100),"")) -> 0 | Y239: =IF(O239="","",IFERROR(MIN(100,O239/'Input & Settings'!$B$13*100),"")) -> 0 | Z239: =IF(P239="","",IFERROR(IF(P239<='Input & Settings'!$B$14,100,MAX(0,100-(P239-'Input & Settings'!$B$14)*20)),"")) -> 100 | AA239: =IF(COUNTA(G239:P239)=0,"",ROUND(Q239*'Input & Settings'!$C$5+R239*'Input & Settings'!$C$6+S239*'Input & Settings'!$C$7+T239*'Input & Settings'!$C$8+U239*'Input & Settings'!$C$9+V239*'Input & Settings'!$C$10+W239*'Input & Settings'!$C$11+X239*'Input & Settings'!$C$12+Y239*'Input & Settings'!$C$13+Z239*'Input & Settings'!$C$14,1)) -> 71 | AB239: =IF(OR(AA239="",E239=""),"",IFERROR(IF(AA239>=VLOOKUP(E239,'Input & Settings'!$F$5:$K$10,3,FALSE),"Outstanding",IF(AA239>=VLOOKUP(E239,'Input & Settings'!$F$5:$K$10,4,FALSE),"Exceeds Expectations",IF(AA239>=VLOOKUP(E239,'Input & Settings'!$F$5:$K$10,5,FALSE),"Meets Expectations",IF(AA239>=VLOOKUP(E239,'Input & Settings'!$F$5:$K$10,6,FALSE),"Needs Improvement","Performance Improvement Required")))),"")) -> Outstanding | AC239: =IF(COUNTA(G239:P239)+COUNTA(AD239:AE239)>0,"Entered","") -> Entered | AF239: =IF(AD239<>"",AD239,AA239) -> 71 | AG239: =IF(AE239<>"",AE239,AB239) -> Outstanding | AH239: =D239&"|"&B239 -> Sebastian Lopez|June
A240: 2026 | B240: June | C240: Rafael Amaro | D240: Lucas Degomme | E240: 1st Shift | F240: =IF(E240="","",IFERROR(VLOOKUP(E240,'Input & Settings'!$F$5:$G$10,2,FALSE),"")) -> High | G240: 61 | H240: 35 | I240: 1 | J240: 81 | K240: 5 | L240: 1 | M240: 0 | N240: 0 | O240: 1 | P240: 0 | Q240: =IF(G240="","",IFERROR(MIN(100,G240/'Input & Settings'!$B$5*100),"")) -> 81.333333 | R240: =IF(H240="","",IFERROR(MIN(100,H240/'Input & Settings'!$B$6*100),"")) -> 43.75 | S240: =IF(I240="","",IFERROR(MIN(100,I240/'Input & Settings'!$B$7*100),"")) -> 100 | T240: =IF(J240="","",IFERROR(MIN(100,J240/'Input & Settings'!$B$8*100),"")) -> 100 | U240: =IF(K240="","",IFERROR(MIN(100,K240/'Input & Settings'!$B$9*100),"")) -> 100 | V240: =IF(L240="","",IFERROR(MIN(100,L240/'Input & Settings'!$B$10*100),"")) -> 100 | W240: =IF(M240="","",IFERROR(IF(M240<='Input & Settings'!$B$11,100,MAX(0,100-(M240-'Input & Settings'!$B$11)*20)),"")) -> 100 | X240: =IF(N240="","",IFERROR(MIN(100,N240/'Input & Settings'!$B$12*100),"")) -> 0 | Y240: =IF(O240="","",IFERROR(MIN(100,O240/'Input & Settings'!$B$13*100),"")) -> 50 | Z240: =IF(P240="","",IFERROR(IF(P240<='Input & Settings'!$B$14,100,MAX(0,100-(P240-'Input & Settings'!$B$14)*20)),"")) -> 100 | AA240: =IF(COUNTA(G240:P240)=0,"",ROUND(Q240*'Input & Settings'!$C$5+R240*'Input & Settings'!$C$6+S240*'Input & Settings'!$C$7+T240*'Input & Settings'!$C$8+U240*'Input & Settings'!$C$9+V240*'Input & Settings'!$C$10+W240*'Input & Settings'!$C$11+X240*'Input & Settings'!$C$12+Y240*'Input & Settings'!$C$13+Z240*'Input & Settings'!$C$14,1)) -> 84.1 | AB240: =IF(OR(AA240="",E240=""),"",IFERROR(IF(AA240>=VLOOKUP(E240,'Input & Settings'!$F$5:$K$10,3,FALSE),"Outstanding",IF(AA240>=VLOOKUP(E240,'Input & Settings'!$F$5:$K$10,4,FALSE),"Exceeds Expectations",IF(AA240>=VLOOKUP(E240,'Input & Settings'!$F$5:$K$10,5,FALSE),"Meets Expectations",IF(AA240>=VLOOKUP(E240,'Input & Settings'!$F$5:$K$10,6,FALSE),"Needs Improvement","Performance Improvement Required")))),"")) -> Outstanding | AC240: =IF(COUNTA(G240:P240)+COUNTA(AD240:AE240)>0,"Entered","") -> Entered | AF240: =IF(AD240<>"",AD240,AA240) -> 84.1 | AG240: =IF(AE240<>"",AE240,AB240) -> Outstanding | AH240: =D240&"|"&B240 -> Lucas Degomme|June
A241: 2026 | B241: June | C241: Rafael Amaro | D241: Alexander Chinea | E241: 2nd Shift | F241: =IF(E241="","",IFERROR(VLOOKUP(E241,'Input & Settings'!$F$5:$G$10,2,FALSE),"")) -> Normal | G241: 20 | H241: 13 | I241: 1 | J241: 2 | K241: 4.75 | L241: 1 | M241: 1 | N241: 0 | O241: 0 | P241: 0 | Q241: =IF(G241="","",IFERROR(MIN(100,G241/'Input & Settings'!$B$5*100),"")) -> 26.666667 | R241: =IF(H241="","",IFERROR(MIN(100,H241/'Input & Settings'!$B$6*100),"")) -> 16.25 | S241: =IF(I241="","",IFERROR(MIN(100,I241/'Input & Settings'!$B$7*100),"")) -> 100 | T241: =IF(J241="","",IFERROR(MIN(100,J241/'Input & Settings'!$B$8*100),"")) -> 10 | U241: =IF(K241="","",IFERROR(MIN(100,K241/'Input & Settings'!$B$9*100),"")) -> 100 | V241: =IF(L241="","",IFERROR(MIN(100,L241/'Input & Settings'!$B$10*100),"")) -> 100 | W241: =IF(M241="","",IFERROR(IF(M241<='Input & Settings'!$B$11,100,MAX(0,100-(M241-'Input & Settings'!$B$11)*20)),"")) -> 100 | X241: =IF(N241="","",IFERROR(MIN(100,N241/'Input & Settings'!$B$12*100),"")) -> 0 | Y241: =IF(O241="","",IFERROR(MIN(100,O241/'Input & Settings'!$B$13*100),"")) -> 0 | Z241: =IF(P241="","",IFERROR(IF(P241<='Input & Settings'!$B$14,100,MAX(0,100-(P241-'Input & Settings'!$B$14)*20)),"")) -> 100 | AA241: =IF(COUNTA(G241:P241)=0,"",ROUND(Q241*'Input & Settings'!$C$5+R241*'Input & Settings'!$C$6+S241*'Input & Settings'!$C$7+T241*'Input & Settings'!$C$8+U241*'Input & Settings'!$C$9+V241*'Input & Settings'!$C$10+W241*'Input & Settings'!$C$11+X241*'Input & Settings'!$C$12+Y241*'Input & Settings'!$C$13+Z241*'Input & Settings'!$C$14,1)) -> 61.6 | AB241: =IF(OR(AA241="",E241=""),"",IFERROR(IF(AA241>=VLOOKUP(E241,'Input & Settings'!$F$5:$K$10,3,FALSE),"Outstanding",IF(AA241>=VLOOKUP(E241,'Input & Settings'!$F$5:$K$10,4,FALSE),"Exceeds Expectations",IF(AA241>=VLOOKUP(E241,'Input & Settings'!$F$5:$K$10,5,FALSE),"Meets Expectations",IF(AA241>=VLOOKUP(E241,'Input & Settings'!$F$5:$K$10,6,FALSE),"Needs Improvement","Performance Improvement Required")))),"")) -> Meets Expectations | AC241: =IF(COUNTA(G241:P241)+COUNTA(AD241:AE241)>0,"Entered","") -> Entered | AF241: =IF(AD241<>"",AD241,AA241) -> 61.6 | AG241: =IF(AE241<>"",AE241,AB241) -> Meets Expectations | AH241: =D241&"|"&B241 -> Alexander Chinea|June
A242: 2026 | B242: June | C242: Rafael Amaro | D242: Carlos Martinez Monzon | E242: 3rd Shift | F242: =IF(E242="","",IFERROR(VLOOKUP(E242,'Input & Settings'!$F$5:$G$10,2,FALSE),"")) -> Low | Q242: =IF(G242="","",IFERROR(MIN(100,G242/'Input & Settings'!$B$5*100),"")) | R242: =IF(H242="","",IFERROR(MIN(100,H242/'Input & Settings'!$B$6*100),"")) | S242: =IF(I242="","",IFERROR(MIN(100,I242/'Input & Settings'!$B$7*100),"")) | T242: =IF(J242="","",IFERROR(MIN(100,J242/'Input & Settings'!$B$8*100),"")) | U242: =IF(K242="","",IFERROR(MIN(100,K242/'Input & Settings'!$B$9*100),"")) | V242: =IF(L242="","",IFERROR(MIN(100,L242/'Input & Settings'!$B$10*100),"")) | W242: =IF(M242="","",IFERROR(IF(M242<='Input & Settings'!$B$11,100,MAX(0,100-(M242-'Input & Settings'!$B$11)*20)),"")) | X242: =IF(N242="","",IFERROR(MIN(100,N242/'Input & Settings'!$B$12*100),"")) | Y242: =IF(O242="","",IFERROR(MIN(100,O242/'Input & Settings'!$B$13*100),"")) | Z242: =IF(P242="","",IFERROR(IF(P242<='Input & Settings'!$B$14,100,MAX(0,100-(P242-'Input & Settings'!$B$14)*20)),"")) | AA242: =IF(COUNTA(G242:P242)=0,"",ROUND(Q242*'Input & Settings'!$C$5+R242*'Input & Settings'!$C$6+S242*'Input & Settings'!$C$7+T242*'Input & Settings'!$C$8+U242*'Input & Settings'!$C$9+V242*'Input & Settings'!$C$10+W242*'Input & Settings'!$C$11+X242*'Input & Settings'!$C$12+Y242*'Input & Settings'!$C$13+Z242*'Input & Settings'!$C$14,1)) | AB242: =IF(OR(AA242="",E242=""),"",IFERROR(IF(AA242>=VLOOKUP(E242,'Input & Settings'!$F$5:$K$10,3,FALSE),"Outstanding",IF(AA242>=VLOOKUP(E242,'Input & Settings'!$F$5:$K$10,4,FALSE),"Exceeds Expectations",IF(AA242>=VLOOKUP(E242,'Input & Settings'!$F$5:$K$10,5,FALSE),"Meets Expectations",IF(AA242>=VLOOKUP(E242,'Input & Settings'!$F$5:$K$10,6,FALSE),"Needs Improvement","Performance Improvement Required")))),"")) | AC242: =IF(COUNTA(G242:P242)+COUNTA(AD242:AE242)>0,"Entered","") | AF242: =IF(AD242<>"",AD242,AA242) | AG242: =IF(AE242<>"",AE242,AB242) | AH242: =D242&"|"&B242 -> Carlos Martinez Monzon|June
A243: 2026 | B243: June | C243: Rafael Amaro | D243: Carlos Sanabria | E243: 1st Shift Weekend | F243: =IF(E243="","",IFERROR(VLOOKUP(E243,'Input & Settings'!$F$5:$G$10,2,FALSE),"")) -> Normal | Q243: =IF(G243="","",IFERROR(MIN(100,G243/'Input & Settings'!$B$5*100),"")) | R243: =IF(H243="","",IFERROR(MIN(100,H243/'Input & Settings'!$B$6*100),"")) | S243: =IF(I243="","",IFERROR(MIN(100,I243/'Input & Settings'!$B$7*100),"")) | T243: =IF(J243="","",IFERROR(MIN(100,J243/'Input & Settings'!$B$8*100),"")) | U243: =IF(K243="","",IFERROR(MIN(100,K243/'Input & Settings'!$B$9*100),"")) | V243: =IF(L243="","",IFERROR(MIN(100,L243/'Input & Settings'!$B$10*100),"")) | W243: =IF(M243="","",IFERROR(IF(M243<='Input & Settings'!$B$11,100,MAX(0,100-(M243-'Input & Settings'!$B$11)*20)),"")) | X243: =IF(N243="","",IFERROR(MIN(100,N243/'Input & Settings'!$B$12*100),"")) | Y243: =IF(O243="","",IFERROR(MIN(100,O243/'Input & Settings'!$B$13*100),"")) | Z243: =IF(P243="","",IFERROR(IF(P243<='Input & Settings'!$B$14,100,MAX(0,100-(P243-'Input & Settings'!$B$14)*20)),"")) | AA243: =IF(COUNTA(G243:P243)=0,"",ROUND(Q243*'Input & Settings'!$C$5+R243*'Input & Settings'!$C$6+S243*'Input & Settings'!$C$7+T243*'Input & Settings'!$C$8+U243*'Input & Settings'!$C$9+V243*'Input & Settings'!$C$10+W243*'Input & Settings'!$C$11+X243*'Input & Settings'!$C$12+Y243*'Input & Settings'!$C$13+Z243*'Input & Settings'!$C$14,1)) | AB243: =IF(OR(AA243="",E243=""),"",IFERROR(IF(AA243>=VLOOKUP(E243,'Input & Settings'!$F$5:$K$10,3,FALSE),"Outstanding",IF(AA243>=VLOOKUP(E243,'Input & Settings'!$F$5:$K$10,4,FALSE),"Exceeds Expectations",IF(AA243>=VLOOKUP(E243,'Input & Settings'!$F$5:$K$10,5,FALSE),"Meets Expectations",IF(AA243>=VLOOKUP(E243,'Input & Settings'!$F$5:$K$10,6,FALSE),"Needs Improvement","Performance Improvement Required")))),"")) | AC243: =IF(COUNTA(G243:P243)+COUNTA(AD243:AE243)>0,"Entered","") | AF243: =IF(AD243<>"",AD243,AA243) | AG243: =IF(AE243<>"",AE243,AB243) | AH243: =D243&"|"&B243 -> Carlos Sanabria|June
A244: 2026 | B244: June | C244: Rafael Amaro | D244: Alex Gomes | E244: 1st Shift | F244: =IF(E244="","",IFERROR(VLOOKUP(E244,'Input & Settings'!$F$5:$G$10,2,FALSE),"")) -> High | G244: 42 | H244: 35 | I244: 1 | J244: 19 | K244: 4.25 | L244: 1 | M244: 3 | N244: 0 | O244: 0 | P244: 7 | Q244: =IF(G244="","",IFERROR(MIN(100,G244/'Input & Settings'!$B$5*100),"")) -> 56 | R244: =IF(H244="","",IFERROR(MIN(100,H244/'Input & Settings'!$B$6*100),"")) -> 43.75 | S244: =IF(I244="","",IFERROR(MIN(100,I244/'Input & Settings'!$B$7*100),"")) -> 100 | T244: =IF(J244="","",IFERROR(MIN(100,J244/'Input & Settings'!$B$8*100),"")) -> 95 | U244: =IF(K244="","",IFERROR(MIN(100,K244/'Input & Settings'!$B$9*100),"")) -> 90.425532 | V244: =IF(L244="","",IFERROR(MIN(100,L244/'Input & Settings'!$B$10*100),"")) -> 100 | W244: =IF(M244="","",IFERROR(IF(M244<='Input & Settings'!$B$11,100,MAX(0,100-(M244-'Input & Settings'!$B$11)*20)),"")) -> 100 | X244: =IF(N244="","",IFERROR(MIN(100,N244/'Input & Settings'!$B$12*100),"")) -> 0 | Y244: =IF(O244="","",IFERROR(MIN(100,O244/'Input & Settings'!$B$13*100),"")) -> 0 | Z244: =IF(P244="","",IFERROR(IF(P244<='Input & Settings'!$B$14,100,MAX(0,100-(P244-'Input & Settings'!$B$14)*20)),"")) -> 60 | AA244: =IF(COUNTA(G244:P244)=0,"",ROUND(Q244*'Input & Settings'!$C$5+R244*'Input & Settings'!$C$6+S244*'Input & Settings'!$C$7+T244*'Input & Settings'!$C$8+U244*'Input & Settings'!$C$9+V244*'Input & Settings'!$C$10+W244*'Input & Settings'!$C$11+X244*'Input & Settings'!$C$12+Y244*'Input & Settings'!$C$13+Z244*'Input & Settings'!$C$14,1)) -> 70.3 | AB244: =IF(OR(AA244="",E244=""),"",IFERROR(IF(AA244>=VLOOKUP(E244,'Input & Settings'!$F$5:$K$10,3,FALSE),"Outstanding",IF(AA244>=VLOOKUP(E244,'Input & Settings'!$F$5:$K$10,4,FALSE),"Exceeds Expectations",IF(AA244>=VLOOKUP(E244,'Input & Settings'!$F$5:$K$10,5,FALSE),"Meets Expectations",IF(AA244>=VLOOKUP(E244,'Input & Settings'!$F$5:$K$10,6,FALSE),"Needs Improvement","Performance Improvement Required")))),"")) -> Exceeds Expectations | AC244: =IF(COUNTA(G244:P244)+COUNTA(AD244:AE244)>0,"Entered","") -> Entered | AF244: =IF(AD244<>"",AD244,AA244) -> 70.3 | AG244: =IF(AE244<>"",AE244,AB244) -> Exceeds Expectations | AH244: =D244&"|"&B244 -> Alex Gomes|June
A245: 2026 | B245: June | C245: Rafael Amaro | D245: Teddy Joseph | E245: 2nd Shift | F245: =IF(E245="","",IFERROR(VLOOKUP(E245,'Input & Settings'!$F$5:$G$10,2,FALSE),"")) -> Normal | G245: 13 | H245: 4 | I245: 1 | J245: 33 | K245: 4.67 | L245: 1 | M245: 0 | N245: 0 | O245: 0 | P245: 0 | Q245: =IF(G245="","",IFERROR(MIN(100,G245/'Input & Settings'!$B$5*100),"")) -> 17.333333 | R245: =IF(H245="","",IFERROR(MIN(100,H245/'Input & Settings'!$B$6*100),"")) -> 5 | S245: =IF(I245="","",IFERROR(MIN(100,I245/'Input & Settings'!$B$7*100),"")) -> 100 | T245: =IF(J245="","",IFERROR(MIN(100,J245/'Input & Settings'!$B$8*100),"")) -> 100 | U245: =IF(K245="","",IFERROR(MIN(100,K245/'Input & Settings'!$B$9*100),"")) -> 99.361702 | V245: =IF(L245="","",IFERROR(MIN(100,L245/'Input & Settings'!$B$10*100),"")) -> 100 | W245: =IF(M245="","",IFERROR(IF(M245<='Input & Settings'!$B$11,100,MAX(0,100-(M245-'Input & Settings'!$B$11)*20)),"")) -> 100 | X245: =IF(N245="","",IFERROR(MIN(100,N245/'Input & Settings'!$B$12*100),"")) -> 0 | Y245: =IF(O245="","",IFERROR(MIN(100,O245/'Input & Settings'!$B$13*100),"")) -> 0 | Z245: =IF(P245="","",IFERROR(IF(P245<='Input & Settings'!$B$14,100,MAX(0,100-(P245-'Input & Settings'!$B$14)*20)),"")) -> 100 | AA245: =IF(COUNTA(G245:P245)=0,"",ROUND(Q245*'Input & Settings'!$C$5+R245*'Input & Settings'!$C$6+S245*'Input & Settings'!$C$7+T245*'Input & Settings'!$C$8+U245*'Input & Settings'!$C$9+V245*'Input & Settings'!$C$10+W245*'Input & Settings'!$C$11+X245*'Input & Settings'!$C$12+Y245*'Input & Settings'!$C$13+Z245*'Input & Settings'!$C$14,1)) -> 68 | AB245: =IF(OR(AA245="",E245=""),"",IFERROR(IF(AA245>=VLOOKUP(E245,'Input & Settings'!$F$5:$K$10,3,FALSE),"Outstanding",IF(AA245>=VLOOKUP(E245,'Input & Settings'!$F$5:$K$10,4,FALSE),"Exceeds Expectations",IF(AA245>=VLOOKUP(E245,'Input & Settings'!$F$5:$K$10,5,FALSE),"Meets Expectations",IF(AA245>=VLOOKUP(E245,'Input & Settings'!$F$5:$K$10,6,FALSE),"Needs Improvement","Performance Improvement Required")))),"")) -> Exceeds Expectations | AC245: =IF(COUNTA(G245:P245)+COUNTA(AD245:AE245)>0,"Entered","") -> Entered | AF245: =IF(AD245<>"",AD245,AA245) -> 68 | AG245: =IF(AE245<>"",AE245,AB245) -> Exceeds Expectations | AH245: =D245&"|"&B245 -> Teddy Joseph|June
A246: 2026 | B246: June | C246: Rafael Amaro | D246: Andrew Montgomery | E246: 3rd Shift | F246: =IF(E246="","",IFERROR(VLOOKUP(E246,'Input & Settings'!$F$5:$G$10,2,FALSE),"")) -> Low | Q246: =IF(G246="","",IFERROR(MIN(100,G246/'Input & Settings'!$B$5*100),"")) | R246: =IF(H246="","",IFERROR(MIN(100,H246/'Input & Settings'!$B$6*100),"")) | S246: =IF(I246="","",IFERROR(MIN(100,I246/'Input & Settings'!$B$7*100),"")) | T246: =IF(J246="","",IFERROR(MIN(100,J246/'Input & Settings'!$B$8*100),"")) | U246: =IF(K246="","",IFERROR(MIN(100,K246/'Input & Settings'!$B$9*100),"")) | V246: =IF(L246="","",IFERROR(MIN(100,L246/'Input & Settings'!$B$10*100),"")) | W246: =IF(M246="","",IFERROR(IF(M246<='Input & Settings'!$B$11,100,MAX(0,100-(M246-'Input & Settings'!$B$11)*20)),"")) | X246: =IF(N246="","",IFERROR(MIN(100,N246/'Input & Settings'!$B$12*100),"")) | Y246: =IF(O246="","",IFERROR(MIN(100,O246/'Input & Settings'!$B$13*100),"")) | Z246: =IF(P246="","",IFERROR(IF(P246<='Input & Settings'!$B$14,100,MAX(0,100-(P246-'Input & Settings'!$B$14)*20)),"")) | AA246: =IF(COUNTA(G246:P246)=0,"",ROUND(Q246*'Input & Settings'!$C$5+R246*'Input & Settings'!$C$6+S246*'Input & Settings'!$C$7+T246*'Input & Settings'!$C$8+U246*'Input & Settings'!$C$9+V246*'Input & Settings'!$C$10+W246*'Input & Settings'!$C$11+X246*'Input & Settings'!$C$12+Y246*'Input & Settings'!$C$13+Z246*'Input & Settings'!$C$14,1)) | AB246: =IF(OR(AA246="",E246=""),"",IFERROR(IF(AA246>=VLOOKUP(E246,'Input & Settings'!$F$5:$K$10,3,FALSE),"Outstanding",IF(AA246>=VLOOKUP(E246,'Input & Settings'!$F$5:$K$10,4,FALSE),"Exceeds Expectations",IF(AA246>=VLOOKUP(E246,'Input & Settings'!$F$5:$K$10,5,FALSE),"Meets Expectations",IF(AA246>=VLOOKUP(E246,'Input & Settings'!$F$5:$K$10,6,FALSE),"Needs Improvement","Performance Improvement Required")))),"")) | AC246: =IF(COUNTA(G246:P246)+COUNTA(AD246:AE246)>0,"Entered","") | AF246: =IF(AD246<>"",AD246,AA246) | AG246: =IF(AE246<>"",AE246,AB246) | AH246: =D246&"|"&B246 -> Andrew Montgomery|June
A247: 2026 | B247: June | C247: Rafael Amaro | D247: Amanda Rodriguez | E247: 1st Shift Weekend | F247: =IF(E247="","",IFERROR(VLOOKUP(E247,'Input & Settings'!$F$5:$G$10,2,FALSE),"")) -> Normal | Q247: =IF(G247="","",IFERROR(MIN(100,G247/'Input & Settings'!$B$5*100),"")) | R247: =IF(H247="","",IFERROR(MIN(100,H247/'Input & Settings'!$B$6*100),"")) | S247: =IF(I247="","",IFERROR(MIN(100,I247/'Input & Settings'!$B$7*100),"")) | T247: =IF(J247="","",IFERROR(MIN(100,J247/'Input & Settings'!$B$8*100),"")) | U247: =IF(K247="","",IFERROR(MIN(100,K247/'Input & Settings'!$B$9*100),"")) | V247: =IF(L247="","",IFERROR(MIN(100,L247/'Input & Settings'!$B$10*100),"")) | W247: =IF(M247="","",IFERROR(IF(M247<='Input & Settings'!$B$11,100,MAX(0,100-(M247-'Input & Settings'!$B$11)*20)),"")) | X247: =IF(N247="","",IFERROR(MIN(100,N247/'Input & Settings'!$B$12*100),"")) | Y247: =IF(O247="","",IFERROR(MIN(100,O247/'Input & Settings'!$B$13*100),"")) | Z247: =IF(P247="","",IFERROR(IF(P247<='Input & Settings'!$B$14,100,MAX(0,100-(P247-'Input & Settings'!$B$14)*20)),"")) | AA247: =IF(COUNTA(G247:P247)=0,"",ROUND(Q247*'Input & Settings'!$C$5+R247*'Input & Settings'!$C$6+S247*'Input & Settings'!$C$7+T247*'Input & Settings'!$C$8+U247*'Input & Settings'!$C$9+V247*'Input & Settings'!$C$10+W247*'Input & Settings'!$C$11+X247*'Input & Settings'!$C$12+Y247*'Input & Settings'!$C$13+Z247*'Input & Settings'!$C$14,1)) | AB247: =IF(OR(AA247="",E247=""),"",IFERROR(IF(AA247>=VLOOKUP(E247,'Input & Settings'!$F$5:$K$10,3,FALSE),"Outstanding",IF(AA247>=VLOOKUP(E247,'Input & Settings'!$F$5:$K$10,4,FALSE),"Exceeds Expectations",IF(AA247>=VLOOKUP(E247,'Input & Settings'!$F$5:$K$10,5,FALSE),"Meets Expectations",IF(AA247>=VLOOKUP(E247,'Input & Settings'!$F$5:$K$10,6,FALSE),"Needs Improvement","Performance Improvement Required")))),"")) | AC247: =IF(COUNTA(G247:P247)+COUNTA(AD247:AE247)>0,"Entered","") | AF247: =IF(AD247<>"",AD247,AA247) | AG247: =IF(AE247<>"",AE247,AB247) | AH247: =D247&"|"&B247 -> Amanda Rodriguez|June
A248: 2026 | B248: June | C248: Rafael Amaro | D248: Erick Mojica | E248: 1st Shift | F248: =IF(E248="","",IFERROR(VLOOKUP(E248,'Input & Settings'!$F$5:$G$10,2,FALSE),"")) -> High | G248: 53 | H248: 81 | I248: 1 | J248: 0 | K248: 5 | L248: 1 | M248: 5 | N248: 0 | O248: 1 | P248: 8 | Q248: =IF(G248="","",IFERROR(MIN(100,G248/'Input & Settings'!$B$5*100),"")) -> 70.666667 | R248: =IF(H248="","",IFERROR(MIN(100,H248/'Input & Settings'!$B$6*100),"")) -> 100 | S248: =IF(I248="","",IFERROR(MIN(100,I248/'Input & Settings'!$B$7*100),"")) -> 100 | T248: =IF(J248="","",IFERROR(MIN(100,J248/'Input & Settings'!$B$8*100),"")) -> 0 | U248: =IF(K248="","",IFERROR(MIN(100,K248/'Input & Settings'!$B$9*100),"")) -> 100 | V248: =IF(L248="","",IFERROR(MIN(100,L248/'Input & Settings'!$B$10*100),"")) -> 100 | W248: =IF(M248="","",IFERROR(IF(M248<='Input & Settings'!$B$11,100,MAX(0,100-(M248-'Input & Settings'!$B$11)*20)),"")) -> 100 | X248: =IF(N248="","",IFERROR(MIN(100,N248/'Input & Settings'!$B$12*100),"")) -> 0 | Y248: =IF(O248="","",IFERROR(MIN(100,O248/'Input & Settings'!$B$13*100),"")) -> 50 | Z248: =IF(P248="","",IFERROR(IF(P248<='Input & Settings'!$B$14,100,MAX(0,100-(P248-'Input & Settings'!$B$14)*20)),"")) -> 40 | AA248: =IF(COUNTA(G248:P248)=0,"",ROUND(Q248*'Input & Settings'!$C$5+R248*'Input & Settings'!$C$6+S248*'Input & Settings'!$C$7+T248*'Input & Settings'!$C$8+U248*'Input & Settings'!$C$9+V248*'Input & Settings'!$C$10+W248*'Input & Settings'!$C$11+X248*'Input & Settings'!$C$12+Y248*'Input & Settings'!$C$13+Z248*'Input & Settings'!$C$14,1)) -> 69.1 | AB248: =IF(OR(AA248="",E248=""),"",IFERROR(IF(AA248>=VLOOKUP(E248,'Input & Settings'!$F$5:$K$10,3,FALSE),"Outstanding",IF(AA248>=VLOOKUP(E248,'Input & Settings'!$F$5:$K$10,4,FALSE),"Exceeds Expectations",IF(AA248>=VLOOKUP(E248,'Input & Settings'!$F$5:$K$10,5,FALSE),"Meets Expectations",IF(AA248>=VLOOKUP(E248,'Input & Settings'!$F$5:$K$10,6,FALSE),"Needs Improvement","Performance Improvement Required")))),"")) -> Meets Expectations | AC248: =IF(COUNTA(G248:P248)+COUNTA(AD248:AE248)>0,"Entered","") -> Entered | AF248: =IF(AD248<>"",AD248,AA248) -> 69.1 | AG248: =IF(AE248<>"",AE248,AB248) -> Meets Expectations | AH248: =D248&"|"&B248 -> Erick Mojica|June
A249: 2026 | B249: June | C249: Jose Molina | D249: Raul Rama | F249: =IF(E249="","",IFERROR(VLOOKUP(E249,'Input & Settings'!$F$5:$G$10,2,FALSE),"")) | Q249: =IF(G249="","",IFERROR(MIN(100,G249/'Input & Settings'!$B$5*100),"")) | R249: =IF(H249="","",IFERROR(MIN(100,H249/'Input & Settings'!$B$6*100),"")) | S249: =IF(I249="","",IFERROR(MIN(100,I249/'Input & Settings'!$B$7*100),"")) | T249: =IF(J249="","",IFERROR(MIN(100,J249/'Input & Settings'!$B$8*100),"")) | U249: =IF(K249="","",IFERROR(MIN(100,K249/'Input & Settings'!$B$9*100),"")) | V249: =IF(L249="","",IFERROR(MIN(100,L249/'Input & Settings'!$B$10*100),"")) | W249: =IF(M249="","",IFERROR(IF(M249<='Input & Settings'!$B$11,100,MAX(0,100-(M249-'Input & Settings'!$B$11)*20)),"")) | X249: =IF(N249="","",IFERROR(MIN(100,N249/'Input & Settings'!$B$12*100),"")) | Y249: =IF(O249="","",IFERROR(MIN(100,O249/'Input & Settings'!$B$13*100),"")) | Z249: =IF(P249="","",IFERROR(IF(P249<='Input & Settings'!$B$14,100,MAX(0,100-(P249-'Input & Settings'!$B$14)*20)),"")) | AA249: =IF(COUNTA(G249:P249)=0,"",ROUND(Q249*'Input & Settings'!$C$5+R249*'Input & Settings'!$C$6+S249*'Input & Settings'!$C$7+T249*'Input & Settings'!$C$8+U249*'Input & Settings'!$C$9+V249*'Input & Settings'!$C$10+W249*'Input & Settings'!$C$11+X249*'Input & Settings'!$C$12+Y249*'Input & Settings'!$C$13+Z249*'Input & Settings'!$C$14,1)) | AB249: =IF(OR(AA249="",E249=""),"",IFERROR(IF(AA249>=VLOOKUP(E249,'Input & Settings'!$F$5:$K$10,3,FALSE),"Outstanding",IF(AA249>=VLOOKUP(E249,'Input & Settings'!$F$5:$K$10,4,FALSE),"Exceeds Expectations",IF(AA249>=VLOOKUP(E249,'Input & Settings'!$F$5:$K$10,5,FALSE),"Meets Expectations",IF(AA249>=VLOOKUP(E249,'Input & Settings'!$F$5:$K$10,6,FALSE),"Needs Improvement","Performance Improvement Required")))),"")) | AC249: =IF(COUNTA(G249:P249)+COUNTA(AD249:AE249)>0,"Entered","") | AF249: =IF(AD249<>"",AD249,AA249) | AG249: =IF(AE249<>"",AE249,AB249) | AH249: =D249&"|"&B249 -> Raul Rama|June
A250: 2026 | B250: June | C250: Jose Molina | D250: Kaevon Tyler | F250: =IF(E250="","",IFERROR(VLOOKUP(E250,'Input & Settings'!$F$5:$G$10,2,FALSE),"")) | Q250: =IF(G250="","",IFERROR(MIN(100,G250/'Input & Settings'!$B$5*100),"")) | R250: =IF(H250="","",IFERROR(MIN(100,H250/'Input & Settings'!$B$6*100),"")) | S250: =IF(I250="","",IFERROR(MIN(100,I250/'Input & Settings'!$B$7*100),"")) | T250: =IF(J250="","",IFERROR(MIN(100,J250/'Input & Settings'!$B$8*100),"")) | U250: =IF(K250="","",IFERROR(MIN(100,K250/'Input & Settings'!$B$9*100),"")) | V250: =IF(L250="","",IFERROR(MIN(100,L250/'Input & Settings'!$B$10*100),"")) | W250: =IF(M250="","",IFERROR(IF(M250<='Input & Settings'!$B$11,100,MAX(0,100-(M250-'Input & Settings'!$B$11)*20)),"")) | X250: =IF(N250="","",IFERROR(MIN(100,N250/'Input & Settings'!$B$12*100),"")) | Y250: =IF(O250="","",IFERROR(MIN(100,O250/'Input & Settings'!$B$13*100),"")) | Z250: =IF(P250="","",IFERROR(IF(P250<='Input & Settings'!$B$14,100,MAX(0,100-(P250-'Input & Settings'!$B$14)*20)),"")) | AA250: =IF(COUNTA(G250:P250)=0,"",ROUND(Q250*'Input & Settings'!$C$5+R250*'Input & Settings'!$C$6+S250*'Input & Settings'!$C$7+T250*'Input & Settings'!$C$8+U250*'Input & Settings'!$C$9+V250*'Input & Settings'!$C$10+W250*'Input & Settings'!$C$11+X250*'Input & Settings'!$C$12+Y250*'Input & Settings'!$C$13+Z250*'Input & Settings'!$C$14,1)) | AB250: =IF(OR(AA250="",E250=""),"",IFERROR(IF(AA250>=VLOOKUP(E250,'Input & Settings'!$F$5:$K$10,3,FALSE),"Outstanding",IF(AA250>=VLOOKUP(E250,'Input & Settings'!$F$5:$K$10,4,FALSE),"Exceeds Expectations",IF(AA250>=VLOOKUP(E250,'Input & Settings'!$F$5:$K$10,5,FALSE),"Meets Expectations",IF(AA250>=VLOOKUP(E250,'Input & Settings'!$F$5:$K$10,6,FALSE),"Needs Improvement","Performance Improvement Required")))),"")) | AC250: =IF(COUNTA(G250:P250)+COUNTA(AD250:AE250)>0,"Entered","") | AF250: =IF(AD250<>"",AD250,AA250) | AG250: =IF(AE250<>"",AE250,AB250) | AH250: =D250&"|"&B250 -> Kaevon Tyler|June
A251: 2026 | B251: June | C251: Jose Molina | D251: Christopher Dorta | F251: =IF(E251="","",IFERROR(VLOOKUP(E251,'Input & Settings'!$F$5:$G$10,2,FALSE),"")) | Q251: =IF(G251="","",IFERROR(MIN(100,G251/'Input & Settings'!$B$5*100),"")) | R251: =IF(H251="","",IFERROR(MIN(100,H251/'Input & Settings'!$B$6*100),"")) | S251: =IF(I251="","",IFERROR(MIN(100,I251/'Input & Settings'!$B$7*100),"")) | T251: =IF(J251="","",IFERROR(MIN(100,J251/'Input & Settings'!$B$8*100),"")) | U251: =IF(K251="","",IFERROR(MIN(100,K251/'Input & Settings'!$B$9*100),"")) | V251: =IF(L251="","",IFERROR(MIN(100,L251/'Input & Settings'!$B$10*100),"")) | W251: =IF(M251="","",IFERROR(IF(M251<='Input & Settings'!$B$11,100,MAX(0,100-(M251-'Input & Settings'!$B$11)*20)),"")) | X251: =IF(N251="","",IFERROR(MIN(100,N251/'Input & Settings'!$B$12*100),"")) | Y251: =IF(O251="","",IFERROR(MIN(100,O251/'Input & Settings'!$B$13*100),"")) | Z251: =IF(P251="","",IFERROR(IF(P251<='Input & Settings'!$B$14,100,MAX(0,100-(P251-'Input & Settings'!$B$14)*20)),"")) | AA251: =IF(COUNTA(G251:P251)=0,"",ROUND(Q251*'Input & Settings'!$C$5+R251*'Input & Settings'!$C$6+S251*'Input & Settings'!$C$7+T251*'Input & Settings'!$C$8+U251*'Input & Settings'!$C$9+V251*'Input & Settings'!$C$10+W251*'Input & Settings'!$C$11+X251*'Input & Settings'!$C$12+Y251*'Input & Settings'!$C$13+Z251*'Input & Settings'!$C$14,1)) | AB251: =IF(OR(AA251="",E251=""),"",IFERROR(IF(AA251>=VLOOKUP(E251,'Input & Settings'!$F$5:$K$10,3,FALSE),"Outstanding",IF(AA251>=VLOOKUP(E251,'Input & Settings'!$F$5:$K$10,4,FALSE),"Exceeds Expectations",IF(AA251>=VLOOKUP(E251,'Input & Settings'!$F$5:$K$10,5,FALSE),"Meets Expectations",IF(AA251>=VLOOKUP(E251,'Input & Settings'!$F$5:$K$10,6,FALSE),"Needs Improvement","Performance Improvement Required")))),"")) | AC251: =IF(COUNTA(G251:P251)+COUNTA(AD251:AE251)>0,"Entered","") | AF251: =IF(AD251<>"",AD251,AA251) | AG251: =IF(AE251<>"",AE251,AB251) | AH251: =D251&"|"&B251 -> Christopher Dorta|June
A252: 2026 | B252: June | C252: Jose Molina | D252: Andres Galvis | F252: =IF(E252="","",IFERROR(VLOOKUP(E252,'Input & Settings'!$F$5:$G$10,2,FALSE),"")) | Q252: =IF(G252="","",IFERROR(MIN(100,G252/'Input & Settings'!$B$5*100),"")) | R252: =IF(H252="","",IFERROR(MIN(100,H252/'Input & Settings'!$B$6*100),"")) | S252: =IF(I252="","",IFERROR(MIN(100,I252/'Input & Settings'!$B$7*100),"")) | T252: =IF(J252="","",IFERROR(MIN(100,J252/'Input & Settings'!$B$8*100),"")) | U252: =IF(K252="","",IFERROR(MIN(100,K252/'Input & Settings'!$B$9*100),"")) | V252: =IF(L252="","",IFERROR(MIN(100,L252/'Input & Settings'!$B$10*100),"")) | W252: =IF(M252="","",IFERROR(IF(M252<='Input & Settings'!$B$11,100,MAX(0,100-(M252-'Input & Settings'!$B$11)*20)),"")) | X252: =IF(N252="","",IFERROR(MIN(100,N252/'Input & Settings'!$B$12*100),"")) | Y252: =IF(O252="","",IFERROR(MIN(100,O252/'Input & Settings'!$B$13*100),"")) | Z252: =IF(P252="","",IFERROR(IF(P252<='Input & Settings'!$B$14,100,MAX(0,100-(P252-'Input & Settings'!$B$14)*20)),"")) | AA252: =IF(COUNTA(G252:P252)=0,"",ROUND(Q252*'Input & Settings'!$C$5+R252*'Input & Settings'!$C$6+S252*'Input & Settings'!$C$7+T252*'Input & Settings'!$C$8+U252*'Input & Settings'!$C$9+V252*'Input & Settings'!$C$10+W252*'Input & Settings'!$C$11+X252*'Input & Settings'!$C$12+Y252*'Input & Settings'!$C$13+Z252*'Input & Settings'!$C$14,1)) | AB252: =IF(OR(AA252="",E252=""),"",IFERROR(IF(AA252>=VLOOKUP(E252,'Input & Settings'!$F$5:$K$10,3,FALSE),"Outstanding",IF(AA252>=VLOOKUP(E252,'Input & Settings'!$F$5:$K$10,4,FALSE),"Exceeds Expectations",IF(AA252>=VLOOKUP(E252,'Input & Settings'!$F$5:$K$10,5,FALSE),"Meets Expectations",IF(AA252>=VLOOKUP(E252,'Input & Settings'!$F$5:$K$10,6,FALSE),"Needs Improvement","Performance Improvement Required")))),"")) | AC252: =IF(COUNTA(G252:P252)+COUNTA(AD252:AE252)>0,"Entered","") | AF252: =IF(AD252<>"",AD252,AA252) | AG252: =IF(AE252<>"",AE252,AB252) | AH252: =D252&"|"&B252 -> Andres Galvis|June
A253: 2026 | B253: June | C253: Jose Molina | D253: Roberto Eckardt | F253: =IF(E253="","",IFERROR(VLOOKUP(E253,'Input & Settings'!$F$5:$G$10,2,FALSE),"")) | Q253: =IF(G253="","",IFERROR(MIN(100,G253/'Input & Settings'!$B$5*100),"")) | R253: =IF(H253="","",IFERROR(MIN(100,H253/'Input & Settings'!$B$6*100),"")) | S253: =IF(I253="","",IFERROR(MIN(100,I253/'Input & Settings'!$B$7*100),"")) | T253: =IF(J253="","",IFERROR(MIN(100,J253/'Input & Settings'!$B$8*100),"")) | U253: =IF(K253="","",IFERROR(MIN(100,K253/'Input & Settings'!$B$9*100),"")) | V253: =IF(L253="","",IFERROR(MIN(100,L253/'Input & Settings'!$B$10*100),"")) | W253: =IF(M253="","",IFERROR(IF(M253<='Input & Settings'!$B$11,100,MAX(0,100-(M253-'Input & Settings'!$B$11)*20)),"")) | X253: =IF(N253="","",IFERROR(MIN(100,N253/'Input & Settings'!$B$12*100),"")) | Y253: =IF(O253="","",IFERROR(MIN(100,O253/'Input & Settings'!$B$13*100),"")) | Z253: =IF(P253="","",IFERROR(IF(P253<='Input & Settings'!$B$14,100,MAX(0,100-(P253-'Input & Settings'!$B$14)*20)),"")) | AA253: =IF(COUNTA(G253:P253)=0,"",ROUND(Q253*'Input & Settings'!$C$5+R253*'Input & Settings'!$C$6+S253*'Input & Settings'!$C$7+T253*'Input & Settings'!$C$8+U253*'Input & Settings'!$C$9+V253*'Input & Settings'!$C$10+W253*'Input & Settings'!$C$11+X253*'Input & Settings'!$C$12+Y253*'Input & Settings'!$C$13+Z253*'Input & Settings'!$C$14,1)) | AB253: =IF(OR(AA253="",E253=""),"",IFERROR(IF(AA253>=VLOOKUP(E253,'Input & Settings'!$F$5:$K$10,3,FALSE),"Outstanding",IF(AA253>=VLOOKUP(E253,'Input & Settings'!$F$5:$K$10,4,FALSE),"Exceeds Expectations",IF(AA253>=VLOOKUP(E253,'Input & Settings'!$F$5:$K$10,5,FALSE),"Meets Expectations",IF(AA253>=VLOOKUP(E253,'Input & Settings'!$F$5:$K$10,6,FALSE),"Needs Improvement","Performance Improvement Required")))),"")) | AC253: =IF(COUNTA(G253:P253)+COUNTA(AD253:AE253)>0,"Entered","") | AF253: =IF(AD253<>"",AD253,AA253) | AG253: =IF(AE253<>"",AE253,AB253) | AH253: =D253&"|"&B253 -> Roberto Eckardt|June
A254: 2026 | B254: June | C254: Jose Molina | D254: Angel Perez Martinez | F254: =IF(E254="","",IFERROR(VLOOKUP(E254,'Input & Settings'!$F$5:$G$10,2,FALSE),"")) | Q254: =IF(G254="","",IFERROR(MIN(100,G254/'Input & Settings'!$B$5*100),"")) | R254: =IF(H254="","",IFERROR(MIN(100,H254/'Input & Settings'!$B$6*100),"")) | S254: =IF(I254="","",IFERROR(MIN(100,I254/'Input & Settings'!$B$7*100),"")) | T254: =IF(J254="","",IFERROR(MIN(100,J254/'Input & Settings'!$B$8*100),"")) | U254: =IF(K254="","",IFERROR(MIN(100,K254/'Input & Settings'!$B$9*100),"")) | V254: =IF(L254="","",IFERROR(MIN(100,L254/'Input & Settings'!$B$10*100),"")) | W254: =IF(M254="","",IFERROR(IF(M254<='Input & Settings'!$B$11,100,MAX(0,100-(M254-'Input & Settings'!$B$11)*20)),"")) | X254: =IF(N254="","",IFERROR(MIN(100,N254/'Input & Settings'!$B$12*100),"")) | Y254: =IF(O254="","",IFERROR(MIN(100,O254/'Input & Settings'!$B$13*100),"")) | Z254: =IF(P254="","",IFERROR(IF(P254<='Input & Settings'!$B$14,100,MAX(0,100-(P254-'Input & Settings'!$B$14)*20)),"")) | AA254: =IF(COUNTA(G254:P254)=0,"",ROUND(Q254*'Input & Settings'!$C$5+R254*'Input & Settings'!$C$6+S254*'Input & Settings'!$C$7+T254*'Input & Settings'!$C$8+U254*'Input & Settings'!$C$9+V254*'Input & Settings'!$C$10+W254*'Input & Settings'!$C$11+X254*'Input & Settings'!$C$12+Y254*'Input & Settings'!$C$13+Z254*'Input & Settings'!$C$14,1)) | AB254: =IF(OR(AA254="",E254=""),"",IFERROR(IF(AA254>=VLOOKUP(E254,'Input & Settings'!$F$5:$K$10,3,FALSE),"Outstanding",IF(AA254>=VLOOKUP(E254,'Input & Settings'!$F$5:$K$10,4,FALSE),"Exceeds Expectations",IF(AA254>=VLOOKUP(E254,'Input & Settings'!$F$5:$K$10,5,FALSE),"Meets Expectations",IF(AA254>=VLOOKUP(E254,'Input & Settings'!$F$5:$K$10,6,FALSE),"Needs Improvement","Performance Improvement Required")))),"")) | AC254: =IF(COUNTA(G254:P254)+COUNTA(AD254:AE254)>0,"Entered","") | AF254: =IF(AD254<>"",AD254,AA254) | AG254: =IF(AE254<>"",AE254,AB254) | AH254: =D254&"|"&B254 -> Angel Perez Martinez|June
A255: 2026 | B255: July | C255: Joshio Flores | D255: Carly Huber | E255: 1st Shift | F255: =IF(E255="","",IFERROR(VLOOKUP(E255,'Input & Settings'!$F$5:$G$10,2,FALSE),"")) -> High | G255: 48 | H255: 27 | I255: 1 | J255: 206 | K255: 4.33 | L255: 1 | M255: 2 | N255: 0 | O255: 1 | P255: 17 | Q255: =IF(G255="","",IFERROR(MIN(100,G255/'Input & Settings'!$B$5*100),"")) -> 64 | R255: =IF(H255="","",IFERROR(MIN(100,H255/'Input & Settings'!$B$6*100),"")) -> 33.75 | S255: =IF(I255="","",IFERROR(MIN(100,I255/'Input & Settings'!$B$7*100),"")) -> 100 | T255: =IF(J255="","",IFERROR(MIN(100,J255/'Input & Settings'!$B$8*100),"")) -> 100 | U255: =IF(K255="","",IFERROR(MIN(100,K255/'Input & Settings'!$B$9*100),"")) -> 92.12766 | V255: =IF(L255="","",IFERROR(MIN(100,L255/'Input & Settings'!$B$10*100),"")) -> 100 | W255: =IF(M255="","",IFERROR(IF(M255<='Input & Settings'!$B$11,100,MAX(0,100-(M255-'Input & Settings'!$B$11)*20)),"")) -> 100 | X255: =IF(N255="","",IFERROR(MIN(100,N255/'Input & Settings'!$B$12*100),"")) -> 0 | Y255: =IF(O255="","",IFERROR(MIN(100,O255/'Input & Settings'!$B$13*100),"")) -> 50 | Z255: =IF(P255="","",IFERROR(IF(P255<='Input & Settings'!$B$14,100,MAX(0,100-(P255-'Input & Settings'!$B$14)*20)),"")) -> 0 | AA255: =IF(COUNTA(G255:P255)=0,"",ROUND(Q255*'Input & Settings'!$C$5+R255*'Input & Settings'!$C$6+S255*'Input & Settings'!$C$7+T255*'Input & Settings'!$C$8+U255*'Input & Settings'!$C$9+V255*'Input & Settings'!$C$10+W255*'Input & Settings'!$C$11+X255*'Input & Settings'!$C$12+Y255*'Input & Settings'!$C$13+Z255*'Input & Settings'!$C$14,1)) -> 64.7 | AB255: =IF(OR(AA255="",E255=""),"",IFERROR(IF(AA255>=VLOOKUP(E255,'Input & Settings'!$F$5:$K$10,3,FALSE),"Outstanding",IF(AA255>=VLOOKUP(E255,'Input & Settings'!$F$5:$K$10,4,FALSE),"Exceeds Expectations",IF(AA255>=VLOOKUP(E255,'Input & Settings'!$F$5:$K$10,5,FALSE),"Meets Expectations",IF(AA255>=VLOOKUP(E255,'Input & Settings'!$F$5:$K$10,6,FALSE),"Needs Improvement","Performance Improvement Required")))),"")) -> Meets Expectations | AC255: =IF(COUNTA(G255:P255)+COUNTA(AD255:AE255)>0,"Entered","") -> Entered | AF255: =IF(AD255<>"",AD255,AA255) -> 64.7 | AG255: =IF(AE255<>"",AE255,AB255) -> Meets Expectations | AH255: =D255&"|"&B255 -> Carly Huber|July
A256: 2026 | B256: July | C256: Joshio Flores | D256: Julian Grier | E256: 1st Shift | F256: =IF(E256="","",IFERROR(VLOOKUP(E256,'Input & Settings'!$F$5:$G$10,2,FALSE),"")) -> High | G256: 32 | H256: 18 | I256: 1 | J256: 3 | K256: 5 | L256: 1 | M256: 0 | N256: 0 | O256: 0 | P256: 1 | Q256: =IF(G256="","",IFERROR(MIN(100,G256/'Input & Settings'!$B$5*100),"")) -> 42.666667 | R256: =IF(H256="","",IFERROR(MIN(100,H256/'Input & Settings'!$B$6*100),"")) -> 22.5 | S256: =IF(I256="","",IFERROR(MIN(100,I256/'Input & Settings'!$B$7*100),"")) -> 100 | T256: =IF(J256="","",IFERROR(MIN(100,J256/'Input & Settings'!$B$8*100),"")) -> 15 | U256: =IF(K256="","",IFERROR(MIN(100,K256/'Input & Settings'!$B$9*100),"")) -> 100 | V256: =IF(L256="","",IFERROR(MIN(100,L256/'Input & Settings'!$B$10*100),"")) -> 100 | W256: =IF(M256="","",IFERROR(IF(M256<='Input & Settings'!$B$11,100,MAX(0,100-(M256-'Input & Settings'!$B$11)*20)),"")) -> 100 | X256: =IF(N256="","",IFERROR(MIN(100,N256/'Input & Settings'!$B$12*100),"")) -> 0 | Y256: =IF(O256="","",IFERROR(MIN(100,O256/'Input & Settings'!$B$13*100),"")) -> 0 | Z256: =IF(P256="","",IFERROR(IF(P256<='Input & Settings'!$B$14,100,MAX(0,100-(P256-'Input & Settings'!$B$14)*20)),"")) -> 100 | AA256: =IF(COUNTA(G256:P256)=0,"",ROUND(Q256*'Input & Settings'!$C$5+R256*'Input & Settings'!$C$6+S256*'Input & Settings'!$C$7+T256*'Input & Settings'!$C$8+U256*'Input & Settings'!$C$9+V256*'Input & Settings'!$C$10+W256*'Input & Settings'!$C$11+X256*'Input & Settings'!$C$12+Y256*'Input & Settings'!$C$13+Z256*'Input & Settings'!$C$14,1)) -> 65.2 | AB256: =IF(OR(AA256="",E256=""),"",IFERROR(IF(AA256>=VLOOKUP(E256,'Input & Settings'!$F$5:$K$10,3,FALSE),"Outstanding",IF(AA256>=VLOOKUP(E256,'Input & Settings'!$F$5:$K$10,4,FALSE),"Exceeds Expectations",IF(AA256>=VLOOKUP(E256,'Input & Settings'!$F$5:$K$10,5,FALSE),"Meets Expectations",IF(AA256>=VLOOKUP(E256,'Input & Settings'!$F$5:$K$10,6,FALSE),"Needs Improvement","Performance Improvement Required")))),"")) -> Meets Expectations | AC256: =IF(COUNTA(G256:P256)+COUNTA(AD256:AE256)>0,"Entered","") -> Entered | AF256: =IF(AD256<>"",AD256,AA256) -> 65.2 | AG256: =IF(AE256<>"",AE256,AB256) -> Meets Expectations | AH256: =D256&"|"&B256 -> Julian Grier|July
A257: 2026 | B257: July | C257: Joshio Flores | D257: Jorge Lopez | E257: 1st Shift | F257: =IF(E257="","",IFERROR(VLOOKUP(E257,'Input & Settings'!$F$5:$G$10,2,FALSE),"")) -> High | G257: 32 | H257: 24 | I257: 1 | J257: 136 | K257: 5 | L257: 1 | M257: 3 | N257: 0 | O257: 1 | P257: 18 | Q257: =IF(G257="","",IFERROR(MIN(100,G257/'Input & Settings'!$B$5*100),"")) -> 42.666667 | R257: =IF(H257="","",IFERROR(MIN(100,H257/'Input & Settings'!$B$6*100),"")) -> 30 | S257: =IF(I257="","",IFERROR(MIN(100,I257/'Input & Settings'!$B$7*100),"")) -> 100 | T257: =IF(J257="","",IFERROR(MIN(100,J257/'Input & Settings'!$B$8*100),"")) -> 100 | U257: =IF(K257="","",IFERROR(MIN(100,K257/'Input & Settings'!$B$9*100),"")) -> 100 | V257: =IF(L257="","",IFERROR(MIN(100,L257/'Input & Settings'!$B$10*100),"")) -> 100 | W257: =IF(M257="","",IFERROR(IF(M257<='Input & Settings'!$B$11,100,MAX(0,100-(M257-'Input & Settings'!$B$11)*20)),"")) -> 100 | X257: =IF(N257="","",IFERROR(MIN(100,N257/'Input & Settings'!$B$12*100),"")) -> 0 | Y257: =IF(O257="","",IFERROR(MIN(100,O257/'Input & Settings'!$B$13*100),"")) -> 50 | Z257: =IF(P257="","",IFERROR(IF(P257<='Input & Settings'!$B$14,100,MAX(0,100-(P257-'Input & Settings'!$B$14)*20)),"")) -> 0 | AA257: =IF(COUNTA(G257:P257)=0,"",ROUND(Q257*'Input & Settings'!$C$5+R257*'Input & Settings'!$C$6+S257*'Input & Settings'!$C$7+T257*'Input & Settings'!$C$8+U257*'Input & Settings'!$C$9+V257*'Input & Settings'!$C$10+W257*'Input & Settings'!$C$11+X257*'Input & Settings'!$C$12+Y257*'Input & Settings'!$C$13+Z257*'Input & Settings'!$C$14,1)) -> 61.9 | AB257: =IF(OR(AA257="",E257=""),"",IFERROR(IF(AA257>=VLOOKUP(E257,'Input & Settings'!$F$5:$K$10,3,FALSE),"Outstanding",IF(AA257>=VLOOKUP(E257,'Input & Settings'!$F$5:$K$10,4,FALSE),"Exceeds Expectations",IF(AA257>=VLOOKUP(E257,'Input & Settings'!$F$5:$K$10,5,FALSE),"Meets Expectations",IF(AA257>=VLOOKUP(E257,'Input & Settings'!$F$5:$K$10,6,FALSE),"Needs Improvement","Performance Improvement Required")))),"")) -> Meets Expectations | AC257: =IF(COUNTA(G257:P257)+COUNTA(AD257:AE257)>0,"Entered","") -> Entered | AF257: =IF(AD257<>"",AD257,AA257) -> 61.9 | AG257: =IF(AE257<>"",AE257,AB257) -> Meets Expectations | AH257: =D257&"|"&B257 -> Jorge Lopez|July
A258: 2026 | B258: July | C258: Joshio Flores | D258: Juan Pablo Pique Buil (JP) | E258: 1st Shift | F258: =IF(E258="","",IFERROR(VLOOKUP(E258,'Input & Settings'!$F$5:$G$10,2,FALSE),"")) -> High | G258: 12 | H258: 8 | I258: 1 | J258: 25 | K258: 4.75 | L258: 1 | M258: 7 | N258: 0 | O258: 1 | P258: 3 | Q258: =IF(G258="","",IFERROR(MIN(100,G258/'Input & Settings'!$B$5*100),"")) -> 16 | R258: =IF(H258="","",IFERROR(MIN(100,H258/'Input & Settings'!$B$6*100),"")) -> 10 | S258: =IF(I258="","",IFERROR(MIN(100,I258/'Input & Settings'!$B$7*100),"")) -> 100 | T258: =IF(J258="","",IFERROR(MIN(100,J258/'Input & Settings'!$B$8*100),"")) -> 100 | U258: =IF(K258="","",IFERROR(MIN(100,K258/'Input & Settings'!$B$9*100),"")) -> 100 | V258: =IF(L258="","",IFERROR(MIN(100,L258/'Input & Settings'!$B$10*100),"")) -> 100 | W258: =IF(M258="","",IFERROR(IF(M258<='Input & Settings'!$B$11,100,MAX(0,100-(M258-'Input & Settings'!$B$11)*20)),"")) -> 60 | X258: =IF(N258="","",IFERROR(MIN(100,N258/'Input & Settings'!$B$12*100),"")) -> 0 | Y258: =IF(O258="","",IFERROR(MIN(100,O258/'Input & Settings'!$B$13*100),"")) -> 50 | Z258: =IF(P258="","",IFERROR(IF(P258<='Input & Settings'!$B$14,100,MAX(0,100-(P258-'Input & Settings'!$B$14)*20)),"")) -> 100 | AA258: =IF(COUNTA(G258:P258)=0,"",ROUND(Q258*'Input & Settings'!$C$5+R258*'Input & Settings'!$C$6+S258*'Input & Settings'!$C$7+T258*'Input & Settings'!$C$8+U258*'Input & Settings'!$C$9+V258*'Input & Settings'!$C$10+W258*'Input & Settings'!$C$11+X258*'Input & Settings'!$C$12+Y258*'Input & Settings'!$C$13+Z258*'Input & Settings'!$C$14,1)) -> 66.9 | AB258: =IF(OR(AA258="",E258=""),"",IFERROR(IF(AA258>=VLOOKUP(E258,'Input & Settings'!$F$5:$K$10,3,FALSE),"Outstanding",IF(AA258>=VLOOKUP(E258,'Input & Settings'!$F$5:$K$10,4,FALSE),"Exceeds Expectations",IF(AA258>=VLOOKUP(E258,'Input & Settings'!$F$5:$K$10,5,FALSE),"Meets Expectations",IF(AA258>=VLOOKUP(E258,'Input & Settings'!$F$5:$K$10,6,FALSE),"Needs Improvement","Performance Improvement Required")))),"")) -> Meets Expectations | AC258: =IF(COUNTA(G258:P258)+COUNTA(AD258:AE258)>0,"Entered","") -> Entered | AF258: =IF(AD258<>"",AD258,AA258) -> 66.9 | AG258: =IF(AE258<>"",AE258,AB258) -> Meets Expectations | AH258: =D258&"|"&B258 -> Juan Pablo Pique Buil (JP)|July
A259: 2026 | B259: July | C259: Joshio Flores | D259: Peter Gonzalez | E259: 1st Shift | F259: =IF(E259="","",IFERROR(VLOOKUP(E259,'Input & Settings'!$F$5:$G$10,2,FALSE),"")) -> High | G259: 23 | H259: 9 | I259: 1 | J259: 24 | K259: 5 | L259: 1 | M259: 0 | N259: 0 | O259: 0 | P259: 2 | Q259: =IF(G259="","",IFERROR(MIN(100,G259/'Input & Settings'!$B$5*100),"")) -> 30.666667 | R259: =IF(H259="","",IFERROR(MIN(100,H259/'Input & Settings'!$B$6*100),"")) -> 11.25 | S259: =IF(I259="","",IFERROR(MIN(100,I259/'Input & Settings'!$B$7*100),"")) -> 100 | T259: =IF(J259="","",IFERROR(MIN(100,J259/'Input & Settings'!$B$8*100),"")) -> 100 | U259: =IF(K259="","",IFERROR(MIN(100,K259/'Input & Settings'!$B$9*100),"")) -> 100 | V259: =IF(L259="","",IFERROR(MIN(100,L259/'Input & Settings'!$B$10*100),"")) -> 100 | W259: =IF(M259="","",IFERROR(IF(M259<='Input & Settings'!$B$11,100,MAX(0,100-(M259-'Input & Settings'!$B$11)*20)),"")) -> 100 | X259: =IF(N259="","",IFERROR(MIN(100,N259/'Input & Settings'!$B$12*100),"")) -> 0 | Y259: =IF(O259="","",IFERROR(MIN(100,O259/'Input & Settings'!$B$13*100),"")) -> 0 | Z259: =IF(P259="","",IFERROR(IF(P259<='Input & Settings'!$B$14,100,MAX(0,100-(P259-'Input & Settings'!$B$14)*20)),"")) -> 100 | AA259: =IF(COUNTA(G259:P259)=0,"",ROUND(Q259*'Input & Settings'!$C$5+R259*'Input & Settings'!$C$6+S259*'Input & Settings'!$C$7+T259*'Input & Settings'!$C$8+U259*'Input & Settings'!$C$9+V259*'Input & Settings'!$C$10+W259*'Input & Settings'!$C$11+X259*'Input & Settings'!$C$12+Y259*'Input & Settings'!$C$13+Z259*'Input & Settings'!$C$14,1)) -> 70.7 | AB259: =IF(OR(AA259="",E259=""),"",IFERROR(IF(AA259>=VLOOKUP(E259,'Input & Settings'!$F$5:$K$10,3,FALSE),"Outstanding",IF(AA259>=VLOOKUP(E259,'Input & Settings'!$F$5:$K$10,4,FALSE),"Exceeds Expectations",IF(AA259>=VLOOKUP(E259,'Input & Settings'!$F$5:$K$10,5,FALSE),"Meets Expectations",IF(AA259>=VLOOKUP(E259,'Input & Settings'!$F$5:$K$10,6,FALSE),"Needs Improvement","Performance Improvement Required")))),"")) -> Exceeds Expectations | AC259: =IF(COUNTA(G259:P259)+COUNTA(AD259:AE259)>0,"Entered","") -> Entered | AF259: =IF(AD259<>"",AD259,AA259) -> 70.7 | AG259: =IF(AE259<>"",AE259,AB259) -> Exceeds Expectations | AH259: =D259&"|"&B259 -> Peter Gonzalez|July
A260: 2026 | B260: July | C260: Joshio Flores | D260: Dennis Hartling | E260: 2nd Shift | F260: =IF(E260="","",IFERROR(VLOOKUP(E260,'Input & Settings'!$F$5:$G$10,2,FALSE),"")) -> Normal | G260: 24 | H260: 11 | I260: 1 | J260: 80 | K260: 4.96 | L260: 1 | M260: 0 | N260: 0 | O260: 0 | P260: 0 | Q260: =IF(G260="","",IFERROR(MIN(100,G260/'Input & Settings'!$B$5*100),"")) -> 32 | R260: =IF(H260="","",IFERROR(MIN(100,H260/'Input & Settings'!$B$6*100),"")) -> 13.75 | S260: =IF(I260="","",IFERROR(MIN(100,I260/'Input & Settings'!$B$7*100),"")) -> 100 | T260: =IF(J260="","",IFERROR(MIN(100,J260/'Input & Settings'!$B$8*100),"")) -> 100 | U260: =IF(K260="","",IFERROR(MIN(100,K260/'Input & Settings'!$B$9*100),"")) -> 100 | V260: =IF(L260="","",IFERROR(MIN(100,L260/'Input & Settings'!$B$10*100),"")) -> 100 | W260: =IF(M260="","",IFERROR(IF(M260<='Input & Settings'!$B$11,100,MAX(0,100-(M260-'Input & Settings'!$B$11)*20)),"")) -> 100 | X260: =IF(N260="","",IFERROR(MIN(100,N260/'Input & Settings'!$B$12*100),"")) -> 0 | Y260: =IF(O260="","",IFERROR(MIN(100,O260/'Input & Settings'!$B$13*100),"")) -> 0 | Z260: =IF(P260="","",IFERROR(IF(P260<='Input & Settings'!$B$14,100,MAX(0,100-(P260-'Input & Settings'!$B$14)*20)),"")) -> 100 | AA260: =IF(COUNTA(G260:P260)=0,"",ROUND(Q260*'Input & Settings'!$C$5+R260*'Input & Settings'!$C$6+S260*'Input & Settings'!$C$7+T260*'Input & Settings'!$C$8+U260*'Input & Settings'!$C$9+V260*'Input & Settings'!$C$10+W260*'Input & Settings'!$C$11+X260*'Input & Settings'!$C$12+Y260*'Input & Settings'!$C$13+Z260*'Input & Settings'!$C$14,1)) -> 71.2 | AB260: =IF(OR(AA260="",E260=""),"",IFERROR(IF(AA260>=VLOOKUP(E260,'Input & Settings'!$F$5:$K$10,3,FALSE),"Outstanding",IF(AA260>=VLOOKUP(E260,'Input & Settings'!$F$5:$K$10,4,FALSE),"Exceeds Expectations",IF(AA260>=VLOOKUP(E260,'Input & Settings'!$F$5:$K$10,5,FALSE),"Meets Expectations",IF(AA260>=VLOOKUP(E260,'Input & Settings'!$F$5:$K$10,6,FALSE),"Needs Improvement","Performance Improvement Required")))),"")) -> Exceeds Expectations | AC260: =IF(COUNTA(G260:P260)+COUNTA(AD260:AE260)>0,"Entered","") -> Entered | AF260: =IF(AD260<>"",AD260,AA260) -> 71.2 | AG260: =IF(AE260<>"",AE260,AB260) -> Exceeds Expectations | AH260: =D260&"|"&B260 -> Dennis Hartling|July
A261: 2026 | B261: July | C261: Joshio Flores | D261: Gilbert Eugene | E261: 2nd Shift | F261: =IF(E261="","",IFERROR(VLOOKUP(E261,'Input & Settings'!$F$5:$G$10,2,FALSE),"")) -> Normal | G261: 42 | H261: 1 | I261: 1 | J261: 25 | K261: 4.42 | L261: 1 | M261: 0 | N261: 0 | O261: 0 | P261: 1 | Q261: =IF(G261="","",IFERROR(MIN(100,G261/'Input & Settings'!$B$5*100),"")) -> 56 | R261: =IF(H261="","",IFERROR(MIN(100,H261/'Input & Settings'!$B$6*100),"")) -> 1.25 | S261: =IF(I261="","",IFERROR(MIN(100,I261/'Input & Settings'!$B$7*100),"")) -> 100 | T261: =IF(J261="","",IFERROR(MIN(100,J261/'Input & Settings'!$B$8*100),"")) -> 100 | U261: =IF(K261="","",IFERROR(MIN(100,K261/'Input & Settings'!$B$9*100),"")) -> 94.042553 | V261: =IF(L261="","",IFERROR(MIN(100,L261/'Input & Settings'!$B$10*100),"")) -> 100 | W261: =IF(M261="","",IFERROR(IF(M261<='Input & Settings'!$B$11,100,MAX(0,100-(M261-'Input & Settings'!$B$11)*20)),"")) -> 100 | X261: =IF(N261="","",IFERROR(MIN(100,N261/'Input & Settings'!$B$12*100),"")) -> 0 | Y261: =IF(O261="","",IFERROR(MIN(100,O261/'Input & Settings'!$B$13*100),"")) -> 0 | Z261: =IF(P261="","",IFERROR(IF(P261<='Input & Settings'!$B$14,100,MAX(0,100-(P261-'Input & Settings'!$B$14)*20)),"")) -> 100 | AA261: =IF(COUNTA(G261:P261)=0,"",ROUND(Q261*'Input & Settings'!$C$5+R261*'Input & Settings'!$C$6+S261*'Input & Settings'!$C$7+T261*'Input & Settings'!$C$8+U261*'Input & Settings'!$C$9+V261*'Input & Settings'!$C$10+W261*'Input & Settings'!$C$11+X261*'Input & Settings'!$C$12+Y261*'Input & Settings'!$C$13+Z261*'Input & Settings'!$C$14,1)) -> 72.9 | AB261: =IF(OR(AA261="",E261=""),"",IFERROR(IF(AA261>=VLOOKUP(E261,'Input & Settings'!$F$5:$K$10,3,FALSE),"Outstanding",IF(AA261>=VLOOKUP(E261,'Input & Settings'!$F$5:$K$10,4,FALSE),"Exceeds Expectations",IF(AA261>=VLOOKUP(E261,'Input & Settings'!$F$5:$K$10,5,FALSE),"Meets Expectations",IF(AA261>=VLOOKUP(E261,'Input & Settings'!$F$5:$K$10,6,FALSE),"Needs Improvement","Performance Improvement Required")))),"")) -> Exceeds Expectations | AC261: =IF(COUNTA(G261:P261)+COUNTA(AD261:AE261)>0,"Entered","") -> Entered | AF261: =IF(AD261<>"",AD261,AA261) -> 72.9 | AG261: =IF(AE261<>"",AE261,AB261) -> Exceeds Expectations | AH261: =D261&"|"&B261 -> Gilbert Eugene|July
A262: 2026 | B262: July | C262: Joshio Flores | D262: Cory Colstock | E262: 3rd Shift | F262: =IF(E262="","",IFERROR(VLOOKUP(E262,'Input & Settings'!$F$5:$G$10,2,FALSE),"")) -> Low | G262: 5 | H262: 0 | I262: 1 | J262: 9 | K262: 4.19 | L262: 1 | M262: 0 | N262: 0 | O262: 0 | P262: 0 | Q262: =IF(G262="","",IFERROR(MIN(100,G262/'Input & Settings'!$B$5*100),"")) -> 6.6666667 | R262: =IF(H262="","",IFERROR(MIN(100,H262/'Input & Settings'!$B$6*100),"")) -> 0 | S262: =IF(I262="","",IFERROR(MIN(100,I262/'Input & Settings'!$B$7*100),"")) -> 100 | T262: =IF(J262="","",IFERROR(MIN(100,J262/'Input & Settings'!$B$8*100),"")) -> 45 | U262: =IF(K262="","",IFERROR(MIN(100,K262/'Input & Settings'!$B$9*100),"")) -> 89.148936 | V262: =IF(L262="","",IFERROR(MIN(100,L262/'Input & Settings'!$B$10*100),"")) -> 100 | W262: =IF(M262="","",IFERROR(IF(M262<='Input & Settings'!$B$11,100,MAX(0,100-(M262-'Input & Settings'!$B$11)*20)),"")) -> 100 | X262: =IF(N262="","",IFERROR(MIN(100,N262/'Input & Settings'!$B$12*100),"")) -> 0 | Y262: =IF(O262="","",IFERROR(MIN(100,O262/'Input & Settings'!$B$13*100),"")) -> 0 | Z262: =IF(P262="","",IFERROR(IF(P262<='Input & Settings'!$B$14,100,MAX(0,100-(P262-'Input & Settings'!$B$14)*20)),"")) -> 100 | AA262: =IF(COUNTA(G262:P262)=0,"",ROUND(Q262*'Input & Settings'!$C$5+R262*'Input & Settings'!$C$6+S262*'Input & Settings'!$C$7+T262*'Input & Settings'!$C$8+U262*'Input & Settings'!$C$9+V262*'Input & Settings'!$C$10+W262*'Input & Settings'!$C$11+X262*'Input & Settings'!$C$12+Y262*'Input & Settings'!$C$13+Z262*'Input & Settings'!$C$14,1)) -> 59.4 | AB262: =IF(OR(AA262="",E262=""),"",IFERROR(IF(AA262>=VLOOKUP(E262,'Input & Settings'!$F$5:$K$10,3,FALSE),"Outstanding",IF(AA262>=VLOOKUP(E262,'Input & Settings'!$F$5:$K$10,4,FALSE),"Exceeds Expectations",IF(AA262>=VLOOKUP(E262,'Input & Settings'!$F$5:$K$10,5,FALSE),"Meets Expectations",IF(AA262>=VLOOKUP(E262,'Input & Settings'!$F$5:$K$10,6,FALSE),"Needs Improvement","Performance Improvement Required")))),"")) -> Needs Improvement | AC262: =IF(COUNTA(G262:P262)+COUNTA(AD262:AE262)>0,"Entered","") -> Entered | AF262: =IF(AD262<>"",AD262,AA262) -> 59.4 | AG262: =IF(AE262<>"",AE262,AB262) -> Needs Improvement | AH262: =D262&"|"&B262 -> Cory Colstock|July
A263: 2026 | B263: July | C263: Joshio Flores | D263: Jerald Woodward (Jerry) | E263: 1st Shift | F263: =IF(E263="","",IFERROR(VLOOKUP(E263,'Input & Settings'!$F$5:$G$10,2,FALSE),"")) -> High | G263: 34 | H263: 45 | I263: 1 | J263: 4 | K263: 4.89 | L263: 1 | M263: 1 | N263: 0 | O263: 0 | P263: 20 | Q263: =IF(G263="","",IFERROR(MIN(100,G263/'Input & Settings'!$B$5*100),"")) -> 45.333333 | R263: =IF(H263="","",IFERROR(MIN(100,H263/'Input & Settings'!$B$6*100),"")) -> 56.25 | S263: =IF(I263="","",IFERROR(MIN(100,I263/'Input & Settings'!$B$7*100),"")) -> 100 | T263: =IF(J263="","",IFERROR(MIN(100,J263/'Input & Settings'!$B$8*100),"")) -> 20 | U263: =IF(K263="","",IFERROR(MIN(100,K263/'Input & Settings'!$B$9*100),"")) -> 100 | V263: =IF(L263="","",IFERROR(MIN(100,L263/'Input & Settings'!$B$10*100),"")) -> 100 | W263: =IF(M263="","",IFERROR(IF(M263<='Input & Settings'!$B$11,100,MAX(0,100-(M263-'Input & Settings'!$B$11)*20)),"")) -> 100 | X263: =IF(N263="","",IFERROR(MIN(100,N263/'Input & Settings'!$B$12*100),"")) -> 0 | Y263: =IF(O263="","",IFERROR(MIN(100,O263/'Input & Settings'!$B$13*100),"")) -> 0 | Z263: =IF(P263="","",IFERROR(IF(P263<='Input & Settings'!$B$14,100,MAX(0,100-(P263-'Input & Settings'!$B$14)*20)),"")) -> 0 | AA263: =IF(COUNTA(G263:P263)=0,"",ROUND(Q263*'Input & Settings'!$C$5+R263*'Input & Settings'!$C$6+S263*'Input & Settings'!$C$7+T263*'Input & Settings'!$C$8+U263*'Input & Settings'!$C$9+V263*'Input & Settings'!$C$10+W263*'Input & Settings'!$C$11+X263*'Input & Settings'!$C$12+Y263*'Input & Settings'!$C$13+Z263*'Input & Settings'!$C$14,1)) -> 54.4 | AB263: =IF(OR(AA263="",E263=""),"",IFERROR(IF(AA263>=VLOOKUP(E263,'Input & Settings'!$F$5:$K$10,3,FALSE),"Outstanding",IF(AA263>=VLOOKUP(E263,'Input & Settings'!$F$5:$K$10,4,FALSE),"Exceeds Expectations",IF(AA263>=VLOOKUP(E263,'Input & Settings'!$F$5:$K$10,5,FALSE),"Meets Expectations",IF(AA263>=VLOOKUP(E263,'Input & Settings'!$F$5:$K$10,6,FALSE),"Needs Improvement","Performance Improvement Required")))),"")) -> Needs Improvement | AC263: =IF(COUNTA(G263:P263)+COUNTA(AD263:AE263)>0,"Entered","") -> Entered | AF263: =IF(AD263<>"",AD263,AA263) -> 54.4 | AG263: =IF(AE263<>"",AE263,AB263) -> Needs Improvement | AH263: =D263&"|"&B263 -> Jerald Woodward (Jerry)|July
A264: 2026 | B264: July | C264: Joshio Flores | D264: Alvaro Hernandez | E264: 1st Shift | F264: =IF(E264="","",IFERROR(VLOOKUP(E264,'Input & Settings'!$F$5:$G$10,2,FALSE),"")) -> High | G264: 20 | H264: 18 | I264: 1 | J264: 0 | K264: 5 | L264: 1 | M264: 0 | N264: 1 | O264: 0 | P264: 1 | Q264: =IF(G264="","",IFERROR(MIN(100,G264/'Input & Settings'!$B$5*100),"")) -> 26.666667 | R264: =IF(H264="","",IFERROR(MIN(100,H264/'Input & Settings'!$B$6*100),"")) -> 22.5 | S264: =IF(I264="","",IFERROR(MIN(100,I264/'Input & Settings'!$B$7*100),"")) -> 100 | T264: =IF(J264="","",IFERROR(MIN(100,J264/'Input & Settings'!$B$8*100),"")) -> 0 | U264: =IF(K264="","",IFERROR(MIN(100,K264/'Input & Settings'!$B$9*100),"")) -> 100 | V264: =IF(L264="","",IFERROR(MIN(100,L264/'Input & Settings'!$B$10*100),"")) -> 100 | W264: =IF(M264="","",IFERROR(IF(M264<='Input & Settings'!$B$11,100,MAX(0,100-(M264-'Input & Settings'!$B$11)*20)),"")) -> 100 | X264: =IF(N264="","",IFERROR(MIN(100,N264/'Input & Settings'!$B$12*100),"")) -> 100 | Y264: =IF(O264="","",IFERROR(MIN(100,O264/'Input & Settings'!$B$13*100),"")) -> 0 | Z264: =IF(P264="","",IFERROR(IF(P264<='Input & Settings'!$B$14,100,MAX(0,100-(P264-'Input & Settings'!$B$14)*20)),"")) -> 100 | AA264: =IF(COUNTA(G264:P264)=0,"",ROUND(Q264*'Input & Settings'!$C$5+R264*'Input & Settings'!$C$6+S264*'Input & Settings'!$C$7+T264*'Input & Settings'!$C$8+U264*'Input & Settings'!$C$9+V264*'Input & Settings'!$C$10+W264*'Input & Settings'!$C$11+X264*'Input & Settings'!$C$12+Y264*'Input & Settings'!$C$13+Z264*'Input & Settings'!$C$14,1)) -> 66.3 | AB264: =IF(OR(AA264="",E264=""),"",IFERROR(IF(AA264>=VLOOKUP(E264,'Input & Settings'!$F$5:$K$10,3,FALSE),"Outstanding",IF(AA264>=VLOOKUP(E264,'Input & Settings'!$F$5:$K$10,4,FALSE),"Exceeds Expectations",IF(AA264>=VLOOKUP(E264,'Input & Settings'!$F$5:$K$10,5,FALSE),"Meets Expectations",IF(AA264>=VLOOKUP(E264,'Input & Settings'!$F$5:$K$10,6,FALSE),"Needs Improvement","Performance Improvement Required")))),"")) -> Meets Expectations | AC264: =IF(COUNTA(G264:P264)+COUNTA(AD264:AE264)>0,"Entered","") -> Entered | AF264: =IF(AD264<>"",AD264,AA264) -> 66.3 | AG264: =IF(AE264<>"",AE264,AB264) -> Meets Expectations | AH264: =D264&"|"&B264 -> Alvaro Hernandez|July
A265: 2026 | B265: July | C265: Joshio Flores | D265: Sarah Clervil | E265: 2nd Shift | F265: =IF(E265="","",IFERROR(VLOOKUP(E265,'Input & Settings'!$F$5:$G$10,2,FALSE),"")) -> Normal | Q265: =IF(G265="","",IFERROR(MIN(100,G265/'Input & Settings'!$B$5*100),"")) | R265: =IF(H265="","",IFERROR(MIN(100,H265/'Input & Settings'!$B$6*100),"")) | S265: =IF(I265="","",IFERROR(MIN(100,I265/'Input & Settings'!$B$7*100),"")) | T265: =IF(J265="","",IFERROR(MIN(100,J265/'Input & Settings'!$B$8*100),"")) | U265: =IF(K265="","",IFERROR(MIN(100,K265/'Input & Settings'!$B$9*100),"")) | V265: =IF(L265="","",IFERROR(MIN(100,L265/'Input & Settings'!$B$10*100),"")) | W265: =IF(M265="","",IFERROR(IF(M265<='Input & Settings'!$B$11,100,MAX(0,100-(M265-'Input & Settings'!$B$11)*20)),"")) | X265: =IF(N265="","",IFERROR(MIN(100,N265/'Input & Settings'!$B$12*100),"")) | Y265: =IF(O265="","",IFERROR(MIN(100,O265/'Input & Settings'!$B$13*100),"")) | Z265: =IF(P265="","",IFERROR(IF(P265<='Input & Settings'!$B$14,100,MAX(0,100-(P265-'Input & Settings'!$B$14)*20)),"")) | AA265: =IF(COUNTA(G265:P265)=0,"",ROUND(Q265*'Input & Settings'!$C$5+R265*'Input & Settings'!$C$6+S265*'Input & Settings'!$C$7+T265*'Input & Settings'!$C$8+U265*'Input & Settings'!$C$9+V265*'Input & Settings'!$C$10+W265*'Input & Settings'!$C$11+X265*'Input & Settings'!$C$12+Y265*'Input & Settings'!$C$13+Z265*'Input & Settings'!$C$14,1)) | AB265: =IF(OR(AA265="",E265=""),"",IFERROR(IF(AA265>=VLOOKUP(E265,'Input & Settings'!$F$5:$K$10,3,FALSE),"Outstanding",IF(AA265>=VLOOKUP(E265,'Input & Settings'!$F$5:$K$10,4,FALSE),"Exceeds Expectations",IF(AA265>=VLOOKUP(E265,'Input & Settings'!$F$5:$K$10,5,FALSE),"Meets Expectations",IF(AA265>=VLOOKUP(E265,'Input & Settings'!$F$5:$K$10,6,FALSE),"Needs Improvement","Performance Improvement Required")))),"")) | AC265: =IF(COUNTA(G265:P265)+COUNTA(AD265:AE265)>0,"Entered","") | AF265: =IF(AD265<>"",AD265,AA265) | AG265: =IF(AE265<>"",AE265,AB265) | AH265: =D265&"|"&B265 -> Sarah Clervil|July
A266: 2026 | B266: July | C266: Joshio Flores | D266: Christopher Ovid | E266: 2nd Shift | F266: =IF(E266="","",IFERROR(VLOOKUP(E266,'Input & Settings'!$F$5:$G$10,2,FALSE),"")) -> Normal | G266: 42 | H266: 36 | I266: 1 | J266: 1 | K266: 4.75 | L266: 1 | M266: 0 | N266: 0 | O266: 0 | P266: 0 | Q266: =IF(G266="","",IFERROR(MIN(100,G266/'Input & Settings'!$B$5*100),"")) -> 56 | R266: =IF(H266="","",IFERROR(MIN(100,H266/'Input & Settings'!$B$6*100),"")) -> 45 | S266: =IF(I266="","",IFERROR(MIN(100,I266/'Input & Settings'!$B$7*100),"")) -> 100 | T266: =IF(J266="","",IFERROR(MIN(100,J266/'Input & Settings'!$B$8*100),"")) -> 5 | U266: =IF(K266="","",IFERROR(MIN(100,K266/'Input & Settings'!$B$9*100),"")) -> 100 | V266: =IF(L266="","",IFERROR(MIN(100,L266/'Input & Settings'!$B$10*100),"")) -> 100 | W266: =IF(M266="","",IFERROR(IF(M266<='Input & Settings'!$B$11,100,MAX(0,100-(M266-'Input & Settings'!$B$11)*20)),"")) -> 100 | X266: =IF(N266="","",IFERROR(MIN(100,N266/'Input & Settings'!$B$12*100),"")) -> 0 | Y266: =IF(O266="","",IFERROR(MIN(100,O266/'Input & Settings'!$B$13*100),"")) -> 0 | Z266: =IF(P266="","",IFERROR(IF(P266<='Input & Settings'!$B$14,100,MAX(0,100-(P266-'Input & Settings'!$B$14)*20)),"")) -> 100 | AA266: =IF(COUNTA(G266:P266)=0,"",ROUND(Q266*'Input & Settings'!$C$5+R266*'Input & Settings'!$C$6+S266*'Input & Settings'!$C$7+T266*'Input & Settings'!$C$8+U266*'Input & Settings'!$C$9+V266*'Input & Settings'!$C$10+W266*'Input & Settings'!$C$11+X266*'Input & Settings'!$C$12+Y266*'Input & Settings'!$C$13+Z266*'Input & Settings'!$C$14,1)) -> 68.4 | AB266: =IF(OR(AA266="",E266=""),"",IFERROR(IF(AA266>=VLOOKUP(E266,'Input & Settings'!$F$5:$K$10,3,FALSE),"Outstanding",IF(AA266>=VLOOKUP(E266,'Input & Settings'!$F$5:$K$10,4,FALSE),"Exceeds Expectations",IF(AA266>=VLOOKUP(E266,'Input & Settings'!$F$5:$K$10,5,FALSE),"Meets Expectations",IF(AA266>=VLOOKUP(E266,'Input & Settings'!$F$5:$K$10,6,FALSE),"Needs Improvement","Performance Improvement Required")))),"")) -> Exceeds Expectations | AC266: =IF(COUNTA(G266:P266)+COUNTA(AD266:AE266)>0,"Entered","") -> Entered | AF266: =IF(AD266<>"",AD266,AA266) -> 68.4 | AG266: =IF(AE266<>"",AE266,AB266) -> Exceeds Expectations | AH266: =D266&"|"&B266 -> Christopher Ovid|July
A267: 2026 | B267: July | C267: Joshio Flores | D267: Rafael Godinez | E267: 1st Shift | F267: =IF(E267="","",IFERROR(VLOOKUP(E267,'Input & Settings'!$F$5:$G$10,2,FALSE),"")) -> High | G267: 46 | H267: 64 | I267: 1 | J267: 0 | K267: 5 | L267: 0.98 | M267: 0 | N267: 0 | O267: 0 | P267: 3 | Q267: =IF(G267="","",IFERROR(MIN(100,G267/'Input & Settings'!$B$5*100),"")) -> 61.333333 | R267: =IF(H267="","",IFERROR(MIN(100,H267/'Input & Settings'!$B$6*100),"")) -> 80 | S267: =IF(I267="","",IFERROR(MIN(100,I267/'Input & Settings'!$B$7*100),"")) -> 100 | T267: =IF(J267="","",IFERROR(MIN(100,J267/'Input & Settings'!$B$8*100),"")) -> 0 | U267: =IF(K267="","",IFERROR(MIN(100,K267/'Input & Settings'!$B$9*100),"")) -> 100 | V267: =IF(L267="","",IFERROR(MIN(100,L267/'Input & Settings'!$B$10*100),"")) -> 100 | W267: =IF(M267="","",IFERROR(IF(M267<='Input & Settings'!$B$11,100,MAX(0,100-(M267-'Input & Settings'!$B$11)*20)),"")) -> 100 | X267: =IF(N267="","",IFERROR(MIN(100,N267/'Input & Settings'!$B$12*100),"")) -> 0 | Y267: =IF(O267="","",IFERROR(MIN(100,O267/'Input & Settings'!$B$13*100),"")) -> 0 | Z267: =IF(P267="","",IFERROR(IF(P267<='Input & Settings'!$B$14,100,MAX(0,100-(P267-'Input & Settings'!$B$14)*20)),"")) -> 100 | AA267: =IF(COUNTA(G267:P267)=0,"",ROUND(Q267*'Input & Settings'!$C$5+R267*'Input & Settings'!$C$6+S267*'Input & Settings'!$C$7+T267*'Input & Settings'!$C$8+U267*'Input & Settings'!$C$9+V267*'Input & Settings'!$C$10+W267*'Input & Settings'!$C$11+X267*'Input & Settings'!$C$12+Y267*'Input & Settings'!$C$13+Z267*'Input & Settings'!$C$14,1)) -> 72.2 | AB267: =IF(OR(AA267="",E267=""),"",IFERROR(IF(AA267>=VLOOKUP(E267,'Input & Settings'!$F$5:$K$10,3,FALSE),"Outstanding",IF(AA267>=VLOOKUP(E267,'Input & Settings'!$F$5:$K$10,4,FALSE),"Exceeds Expectations",IF(AA267>=VLOOKUP(E267,'Input & Settings'!$F$5:$K$10,5,FALSE),"Meets Expectations",IF(AA267>=VLOOKUP(E267,'Input & Settings'!$F$5:$K$10,6,FALSE),"Needs Improvement","Performance Improvement Required")))),"")) -> Exceeds Expectations | AC267: =IF(COUNTA(G267:P267)+COUNTA(AD267:AE267)>0,"Entered","") -> Entered | AF267: =IF(AD267<>"",AD267,AA267) -> 72.2 | AG267: =IF(AE267<>"",AE267,AB267) -> Exceeds Expectations | AH267: =D267&"|"&B267 -> Rafael Godinez|July
A268: 2026 | B268: July | C268: Joshio Flores | D268: Dennis Mayorga | E268: 1st Shift Weekend | F268: =IF(E268="","",IFERROR(VLOOKUP(E268,'Input & Settings'!$F$5:$G$10,2,FALSE),"")) -> Normal | G268: 77 | H268: 5 | I268: 1 | J268: 0 | K268: 4.96 | L268: 1 | M268: 0 | N268: 0 | O268: 1 | P268: 0 | Q268: =IF(G268="","",IFERROR(MIN(100,G268/'Input & Settings'!$B$5*100),"")) -> 100 | R268: =IF(H268="","",IFERROR(MIN(100,H268/'Input & Settings'!$B$6*100),"")) -> 6.25 | S268: =IF(I268="","",IFERROR(MIN(100,I268/'Input & Settings'!$B$7*100),"")) -> 100 | T268: =IF(J268="","",IFERROR(MIN(100,J268/'Input & Settings'!$B$8*100),"")) -> 0 | U268: =IF(K268="","",IFERROR(MIN(100,K268/'Input & Settings'!$B$9*100),"")) -> 100 | V268: =IF(L268="","",IFERROR(MIN(100,L268/'Input & Settings'!$B$10*100),"")) -> 100 | W268: =IF(M268="","",IFERROR(IF(M268<='Input & Settings'!$B$11,100,MAX(0,100-(M268-'Input & Settings'!$B$11)*20)),"")) -> 100 | X268: =IF(N268="","",IFERROR(MIN(100,N268/'Input & Settings'!$B$12*100),"")) -> 0 | Y268: =IF(O268="","",IFERROR(MIN(100,O268/'Input & Settings'!$B$13*100),"")) -> 50 | Z268: =IF(P268="","",IFERROR(IF(P268<='Input & Settings'!$B$14,100,MAX(0,100-(P268-'Input & Settings'!$B$14)*20)),"")) -> 100 | AA268: =IF(COUNTA(G268:P268)=0,"",ROUND(Q268*'Input & Settings'!$C$5+R268*'Input & Settings'!$C$6+S268*'Input & Settings'!$C$7+T268*'Input & Settings'!$C$8+U268*'Input & Settings'!$C$9+V268*'Input & Settings'!$C$10+W268*'Input & Settings'!$C$11+X268*'Input & Settings'!$C$12+Y268*'Input & Settings'!$C$13+Z268*'Input & Settings'!$C$14,1)) -> 73.1 | AB268: =IF(OR(AA268="",E268=""),"",IFERROR(IF(AA268>=VLOOKUP(E268,'Input & Settings'!$F$5:$K$10,3,FALSE),"Outstanding",IF(AA268>=VLOOKUP(E268,'Input & Settings'!$F$5:$K$10,4,FALSE),"Exceeds Expectations",IF(AA268>=VLOOKUP(E268,'Input & Settings'!$F$5:$K$10,5,FALSE),"Meets Expectations",IF(AA268>=VLOOKUP(E268,'Input & Settings'!$F$5:$K$10,6,FALSE),"Needs Improvement","Performance Improvement Required")))),"")) -> Exceeds Expectations | AC268: =IF(COUNTA(G268:P268)+COUNTA(AD268:AE268)>0,"Entered","") -> Entered | AF268: =IF(AD268<>"",AD268,AA268) -> 73.1 | AG268: =IF(AE268<>"",AE268,AB268) -> Exceeds Expectations | AH268: =D268&"|"&B268 -> Dennis Mayorga|July
A269: 2026 | B269: July | C269: Joshio Flores | D269: Jose Reyes-Navolskyi (Ivan) | E269: 2nd Shift | F269: =IF(E269="","",IFERROR(VLOOKUP(E269,'Input & Settings'!$F$5:$G$10,2,FALSE),"")) -> Normal | G269: 56 | H269: 41 | I269: 1 | J269: 181 | K269: 5 | L269: 1 | M269: 2 | N269: 2 | O269: 0 | P269: 20 | Q269: =IF(G269="","",IFERROR(MIN(100,G269/'Input & Settings'!$B$5*100),"")) -> 74.666667 | R269: =IF(H269="","",IFERROR(MIN(100,H269/'Input & Settings'!$B$6*100),"")) -> 51.25 | S269: =IF(I269="","",IFERROR(MIN(100,I269/'Input & Settings'!$B$7*100),"")) -> 100 | T269: =IF(J269="","",IFERROR(MIN(100,J269/'Input & Settings'!$B$8*100),"")) -> 100 | U269: =IF(K269="","",IFERROR(MIN(100,K269/'Input & Settings'!$B$9*100),"")) -> 100 | V269: =IF(L269="","",IFERROR(MIN(100,L269/'Input & Settings'!$B$10*100),"")) -> 100 | W269: =IF(M269="","",IFERROR(IF(M269<='Input & Settings'!$B$11,100,MAX(0,100-(M269-'Input & Settings'!$B$11)*20)),"")) -> 100 | X269: =IF(N269="","",IFERROR(MIN(100,N269/'Input & Settings'!$B$12*100),"")) -> 100 | Y269: =IF(O269="","",IFERROR(MIN(100,O269/'Input & Settings'!$B$13*100),"")) -> 0 | Z269: =IF(P269="","",IFERROR(IF(P269<='Input & Settings'!$B$14,100,MAX(0,100-(P269-'Input & Settings'!$B$14)*20)),"")) -> 0 | AA269: =IF(COUNTA(G269:P269)=0,"",ROUND(Q269*'Input & Settings'!$C$5+R269*'Input & Settings'!$C$6+S269*'Input & Settings'!$C$7+T269*'Input & Settings'!$C$8+U269*'Input & Settings'!$C$9+V269*'Input & Settings'!$C$10+W269*'Input & Settings'!$C$11+X269*'Input & Settings'!$C$12+Y269*'Input & Settings'!$C$13+Z269*'Input & Settings'!$C$14,1)) -> 71.3 | AB269: =IF(OR(AA269="",E269=""),"",IFERROR(IF(AA269>=VLOOKUP(E269,'Input & Settings'!$F$5:$K$10,3,FALSE),"Outstanding",IF(AA269>=VLOOKUP(E269,'Input & Settings'!$F$5:$K$10,4,FALSE),"Exceeds Expectations",IF(AA269>=VLOOKUP(E269,'Input & Settings'!$F$5:$K$10,5,FALSE),"Meets Expectations",IF(AA269>=VLOOKUP(E269,'Input & Settings'!$F$5:$K$10,6,FALSE),"Needs Improvement","Performance Improvement Required")))),"")) -> Exceeds Expectations | AC269: =IF(COUNTA(G269:P269)+COUNTA(AD269:AE269)>0,"Entered","") -> Entered | AF269: =IF(AD269<>"",AD269,AA269) -> 71.3 | AG269: =IF(AE269<>"",AE269,AB269) -> Exceeds Expectations | AH269: =D269&"|"&B269 -> Jose Reyes-Navolskyi (Ivan)|July
A270: 2026 | B270: July | C270: Joshio Flores | D270: Jonathan Davila | E270: 3rd Shift | F270: =IF(E270="","",IFERROR(VLOOKUP(E270,'Input & Settings'!$F$5:$G$10,2,FALSE),"")) -> Low | G270: 5 | H270: 1 | I270: 1 | J270: 0 | K270: 5 | L270: 1 | M270: 0 | N270: 0 | O270: 0 | P270: 0 | Q270: =IF(G270="","",IFERROR(MIN(100,G270/'Input & Settings'!$B$5*100),"")) -> 6.6666667 | R270: =IF(H270="","",IFERROR(MIN(100,H270/'Input & Settings'!$B$6*100),"")) -> 1.25 | S270: =IF(I270="","",IFERROR(MIN(100,I270/'Input & Settings'!$B$7*100),"")) -> 100 | T270: =IF(J270="","",IFERROR(MIN(100,J270/'Input & Settings'!$B$8*100),"")) -> 0 | U270: =IF(K270="","",IFERROR(MIN(100,K270/'Input & Settings'!$B$9*100),"")) -> 100 | V270: =IF(L270="","",IFERROR(MIN(100,L270/'Input & Settings'!$B$10*100),"")) -> 100 | W270: =IF(M270="","",IFERROR(IF(M270<='Input & Settings'!$B$11,100,MAX(0,100-(M270-'Input & Settings'!$B$11)*20)),"")) -> 100 | X270: =IF(N270="","",IFERROR(MIN(100,N270/'Input & Settings'!$B$12*100),"")) -> 0 | Y270: =IF(O270="","",IFERROR(MIN(100,O270/'Input & Settings'!$B$13*100),"")) -> 0 | Z270: =IF(P270="","",IFERROR(IF(P270<='Input & Settings'!$B$14,100,MAX(0,100-(P270-'Input & Settings'!$B$14)*20)),"")) -> 100 | AA270: =IF(COUNTA(G270:P270)=0,"",ROUND(Q270*'Input & Settings'!$C$5+R270*'Input & Settings'!$C$6+S270*'Input & Settings'!$C$7+T270*'Input & Settings'!$C$8+U270*'Input & Settings'!$C$9+V270*'Input & Settings'!$C$10+W270*'Input & Settings'!$C$11+X270*'Input & Settings'!$C$12+Y270*'Input & Settings'!$C$13+Z270*'Input & Settings'!$C$14,1)) -> 56.1 | AB270: =IF(OR(AA270="",E270=""),"",IFERROR(IF(AA270>=VLOOKUP(E270,'Input & Settings'!$F$5:$K$10,3,FALSE),"Outstanding",IF(AA270>=VLOOKUP(E270,'Input & Settings'!$F$5:$K$10,4,FALSE),"Exceeds Expectations",IF(AA270>=VLOOKUP(E270,'Input & Settings'!$F$5:$K$10,5,FALSE),"Meets Expectations",IF(AA270>=VLOOKUP(E270,'Input & Settings'!$F$5:$K$10,6,FALSE),"Needs Improvement","Performance Improvement Required")))),"")) -> Needs Improvement | AC270: =IF(COUNTA(G270:P270)+COUNTA(AD270:AE270)>0,"Entered","") -> Entered | AF270: =IF(AD270<>"",AD270,AA270) -> 56.1 | AG270: =IF(AE270<>"",AE270,AB270) -> Needs Improvement | AH270: =D270&"|"&B270 -> Jonathan Davila|July
A271: 2026 | B271: July | C271: Rafael Amaro | D271: Kevin Luburd | E271: 2nd Shift Weekend | F271: =IF(E271="","",IFERROR(VLOOKUP(E271,'Input & Settings'!$F$5:$G$10,2,FALSE),"")) -> Low | Q271: =IF(G271="","",IFERROR(MIN(100,G271/'Input & Settings'!$B$5*100),"")) | R271: =IF(H271="","",IFERROR(MIN(100,H271/'Input & Settings'!$B$6*100),"")) | S271: =IF(I271="","",IFERROR(MIN(100,I271/'Input & Settings'!$B$7*100),"")) | T271: =IF(J271="","",IFERROR(MIN(100,J271/'Input & Settings'!$B$8*100),"")) | U271: =IF(K271="","",IFERROR(MIN(100,K271/'Input & Settings'!$B$9*100),"")) | V271: =IF(L271="","",IFERROR(MIN(100,L271/'Input & Settings'!$B$10*100),"")) | W271: =IF(M271="","",IFERROR(IF(M271<='Input & Settings'!$B$11,100,MAX(0,100-(M271-'Input & Settings'!$B$11)*20)),"")) | X271: =IF(N271="","",IFERROR(MIN(100,N271/'Input & Settings'!$B$12*100),"")) | Y271: =IF(O271="","",IFERROR(MIN(100,O271/'Input & Settings'!$B$13*100),"")) | Z271: =IF(P271="","",IFERROR(IF(P271<='Input & Settings'!$B$14,100,MAX(0,100-(P271-'Input & Settings'!$B$14)*20)),"")) | AA271: =IF(COUNTA(G271:P271)=0,"",ROUND(Q271*'Input & Settings'!$C$5+R271*'Input & Settings'!$C$6+S271*'Input & Settings'!$C$7+T271*'Input & Settings'!$C$8+U271*'Input & Settings'!$C$9+V271*'Input & Settings'!$C$10+W271*'Input & Settings'!$C$11+X271*'Input & Settings'!$C$12+Y271*'Input & Settings'!$C$13+Z271*'Input & Settings'!$C$14,1)) | AB271: =IF(OR(AA271="",E271=""),"",IFERROR(IF(AA271>=VLOOKUP(E271,'Input & Settings'!$F$5:$K$10,3,FALSE),"Outstanding",IF(AA271>=VLOOKUP(E271,'Input & Settings'!$F$5:$K$10,4,FALSE),"Exceeds Expectations",IF(AA271>=VLOOKUP(E271,'Input & Settings'!$F$5:$K$10,5,FALSE),"Meets Expectations",IF(AA271>=VLOOKUP(E271,'Input & Settings'!$F$5:$K$10,6,FALSE),"Needs Improvement","Performance Improvement Required")))),"")) | AC271: =IF(COUNTA(G271:P271)+COUNTA(AD271:AE271)>0,"Entered","") | AF271: =IF(AD271<>"",AD271,AA271) | AG271: =IF(AE271<>"",AE271,AB271) | AH271: =D271&"|"&B271 -> Kevin Luburd|July
A272: 2026 | B272: July | C272: Rafael Amaro | D272: Anthony Thompson | E272: 1st Shift | F272: =IF(E272="","",IFERROR(VLOOKUP(E272,'Input & Settings'!$F$5:$G$10,2,FALSE),"")) -> High | G272: 30 | H272: 33 | I272: 1 | J272: 0 | K272: 5 | L272: 0.9 | M272: 4 | N272: 0 | O272: 0 | P272: 10 | Q272: =IF(G272="","",IFERROR(MIN(100,G272/'Input & Settings'!$B$5*100),"")) -> 40 | R272: =IF(H272="","",IFERROR(MIN(100,H272/'Input & Settings'!$B$6*100),"")) -> 41.25 | S272: =IF(I272="","",IFERROR(MIN(100,I272/'Input & Settings'!$B$7*100),"")) -> 100 | T272: =IF(J272="","",IFERROR(MIN(100,J272/'Input & Settings'!$B$8*100),"")) -> 0 | U272: =IF(K272="","",IFERROR(MIN(100,K272/'Input & Settings'!$B$9*100),"")) -> 100 | V272: =IF(L272="","",IFERROR(MIN(100,L272/'Input & Settings'!$B$10*100),"")) -> 94.736842 | W272: =IF(M272="","",IFERROR(IF(M272<='Input & Settings'!$B$11,100,MAX(0,100-(M272-'Input & Settings'!$B$11)*20)),"")) -> 100 | X272: =IF(N272="","",IFERROR(MIN(100,N272/'Input & Settings'!$B$12*100),"")) -> 0 | Y272: =IF(O272="","",IFERROR(MIN(100,O272/'Input & Settings'!$B$13*100),"")) -> 0 | Z272: =IF(P272="","",IFERROR(IF(P272<='Input & Settings'!$B$14,100,MAX(0,100-(P272-'Input & Settings'!$B$14)*20)),"")) -> 0 | AA272: =IF(COUNTA(G272:P272)=0,"",ROUND(Q272*'Input & Settings'!$C$5+R272*'Input & Settings'!$C$6+S272*'Input & Settings'!$C$7+T272*'Input & Settings'!$C$8+U272*'Input & Settings'!$C$9+V272*'Input & Settings'!$C$10+W272*'Input & Settings'!$C$11+X272*'Input & Settings'!$C$12+Y272*'Input & Settings'!$C$13+Z272*'Input & Settings'!$C$14,1)) -> 49.6 | AB272: =IF(OR(AA272="",E272=""),"",IFERROR(IF(AA272>=VLOOKUP(E272,'Input & Settings'!$F$5:$K$10,3,FALSE),"Outstanding",IF(AA272>=VLOOKUP(E272,'Input & Settings'!$F$5:$K$10,4,FALSE),"Exceeds Expectations",IF(AA272>=VLOOKUP(E272,'Input & Settings'!$F$5:$K$10,5,FALSE),"Meets Expectations",IF(AA272>=VLOOKUP(E272,'Input & Settings'!$F$5:$K$10,6,FALSE),"Needs Improvement","Performance Improvement Required")))),"")) -> Performance Improvement Required | AC272: =IF(COUNTA(G272:P272)+COUNTA(AD272:AE272)>0,"Entered","") -> Entered | AF272: =IF(AD272<>"",AD272,AA272) -> 49.6 | AG272: =IF(AE272<>"",AE272,AB272) -> Performance Improvement Required | AH272: =D272&"|"&B272 -> Anthony Thompson|July
A273: 2026 | B273: July | C273: Rafael Amaro | D273: Shamar Modeste | E273: 3rd Shift Weekend | F273: =IF(E273="","",IFERROR(VLOOKUP(E273,'Input & Settings'!$F$5:$G$10,2,FALSE),"")) -> Low | G273: 9 | H273: 10 | I273: 1 | J273: 6 | K273: 5 | L273: 0.9 | M273: 0 | N273: 0 | O273: 0 | P273: 5 | Q273: =IF(G273="","",IFERROR(MIN(100,G273/'Input & Settings'!$B$5*100),"")) -> 12 | R273: =IF(H273="","",IFERROR(MIN(100,H273/'Input & Settings'!$B$6*100),"")) -> 12.5 | S273: =IF(I273="","",IFERROR(MIN(100,I273/'Input & Settings'!$B$7*100),"")) -> 100 | T273: =IF(J273="","",IFERROR(MIN(100,J273/'Input & Settings'!$B$8*100),"")) -> 30 | U273: =IF(K273="","",IFERROR(MIN(100,K273/'Input & Settings'!$B$9*100),"")) -> 100 | V273: =IF(L273="","",IFERROR(MIN(100,L273/'Input & Settings'!$B$10*100),"")) -> 94.736842 | W273: =IF(M273="","",IFERROR(IF(M273<='Input & Settings'!$B$11,100,MAX(0,100-(M273-'Input & Settings'!$B$11)*20)),"")) -> 100 | X273: =IF(N273="","",IFERROR(MIN(100,N273/'Input & Settings'!$B$12*100),"")) -> 0 | Y273: =IF(O273="","",IFERROR(MIN(100,O273/'Input & Settings'!$B$13*100),"")) -> 0 | Z273: =IF(P273="","",IFERROR(IF(P273<='Input & Settings'!$B$14,100,MAX(0,100-(P273-'Input & Settings'!$B$14)*20)),"")) -> 100 | AA273: =IF(COUNTA(G273:P273)=0,"",ROUND(Q273*'Input & Settings'!$C$5+R273*'Input & Settings'!$C$6+S273*'Input & Settings'!$C$7+T273*'Input & Settings'!$C$8+U273*'Input & Settings'!$C$9+V273*'Input & Settings'!$C$10+W273*'Input & Settings'!$C$11+X273*'Input & Settings'!$C$12+Y273*'Input & Settings'!$C$13+Z273*'Input & Settings'!$C$14,1)) -> 60.5 | AB273: =IF(OR(AA273="",E273=""),"",IFERROR(IF(AA273>=VLOOKUP(E273,'Input & Settings'!$F$5:$K$10,3,FALSE),"Outstanding",IF(AA273>=VLOOKUP(E273,'Input & Settings'!$F$5:$K$10,4,FALSE),"Exceeds Expectations",IF(AA273>=VLOOKUP(E273,'Input & Settings'!$F$5:$K$10,5,FALSE),"Meets Expectations",IF(AA273>=VLOOKUP(E273,'Input & Settings'!$F$5:$K$10,6,FALSE),"Needs Improvement","Performance Improvement Required")))),"")) -> Exceeds Expectations | AC273: =IF(COUNTA(G273:P273)+COUNTA(AD273:AE273)>0,"Entered","") -> Entered | AF273: =IF(AD273<>"",AD273,AA273) -> 60.5 | AG273: =IF(AE273<>"",AE273,AB273) -> Exceeds Expectations | AH273: =D273&"|"&B273 -> Shamar Modeste|July
A274: 2026 | B274: July | C274: Rafael Amaro | D274: Steven Morejon | E274: 1st Shift | F274: =IF(E274="","",IFERROR(VLOOKUP(E274,'Input & Settings'!$F$5:$G$10,2,FALSE),"")) -> High | G274: 125 | H274: 44 | I274: 1 | J274: 1 | K274: 4.08 | L274: 1 | M274: 4 | N274: 0 | O274: 1 | P274: 4 | Q274: =IF(G274="","",IFERROR(MIN(100,G274/'Input & Settings'!$B$5*100),"")) -> 100 | R274: =IF(H274="","",IFERROR(MIN(100,H274/'Input & Settings'!$B$6*100),"")) -> 55 | S274: =IF(I274="","",IFERROR(MIN(100,I274/'Input & Settings'!$B$7*100),"")) -> 100 | T274: =IF(J274="","",IFERROR(MIN(100,J274/'Input & Settings'!$B$8*100),"")) -> 5 | U274: =IF(K274="","",IFERROR(MIN(100,K274/'Input & Settings'!$B$9*100),"")) -> 86.808511 | V274: =IF(L274="","",IFERROR(MIN(100,L274/'Input & Settings'!$B$10*100),"")) -> 100 | W274: =IF(M274="","",IFERROR(IF(M274<='Input & Settings'!$B$11,100,MAX(0,100-(M274-'Input & Settings'!$B$11)*20)),"")) -> 100 | X274: =IF(N274="","",IFERROR(MIN(100,N274/'Input & Settings'!$B$12*100),"")) -> 0 | Y274: =IF(O274="","",IFERROR(MIN(100,O274/'Input & Settings'!$B$13*100),"")) -> 50 | Z274: =IF(P274="","",IFERROR(IF(P274<='Input & Settings'!$B$14,100,MAX(0,100-(P274-'Input & Settings'!$B$14)*20)),"")) -> 100 | AA274: =IF(COUNTA(G274:P274)=0,"",ROUND(Q274*'Input & Settings'!$C$5+R274*'Input & Settings'!$C$6+S274*'Input & Settings'!$C$7+T274*'Input & Settings'!$C$8+U274*'Input & Settings'!$C$9+V274*'Input & Settings'!$C$10+W274*'Input & Settings'!$C$11+X274*'Input & Settings'!$C$12+Y274*'Input & Settings'!$C$13+Z274*'Input & Settings'!$C$14,1)) -> 77.2 | AB274: =IF(OR(AA274="",E274=""),"",IFERROR(IF(AA274>=VLOOKUP(E274,'Input & Settings'!$F$5:$K$10,3,FALSE),"Outstanding",IF(AA274>=VLOOKUP(E274,'Input & Settings'!$F$5:$K$10,4,FALSE),"Exceeds Expectations",IF(AA274>=VLOOKUP(E274,'Input & Settings'!$F$5:$K$10,5,FALSE),"Meets Expectations",IF(AA274>=VLOOKUP(E274,'Input & Settings'!$F$5:$K$10,6,FALSE),"Needs Improvement","Performance Improvement Required")))),"")) -> Exceeds Expectations | AC274: =IF(COUNTA(G274:P274)+COUNTA(AD274:AE274)>0,"Entered","") -> Entered | AF274: =IF(AD274<>"",AD274,AA274) -> 77.2 | AG274: =IF(AE274<>"",AE274,AB274) -> Exceeds Expectations | AH274: =D274&"|"&B274 -> Steven Morejon|July
A275: 2026 | B275: July | C275: Rafael Amaro | D275: Nicolas Abello | E275: 1st Shift Weekend | F275: =IF(E275="","",IFERROR(VLOOKUP(E275,'Input & Settings'!$F$5:$G$10,2,FALSE),"")) -> Normal | G275: 59 | H275: 121 | I275: 1 | J275: 3 | K275: 5 | L275: 1 | M275: 0 | N275: 0 | O275: 0 | P275: 12 | Q275: =IF(G275="","",IFERROR(MIN(100,G275/'Input & Settings'!$B$5*100),"")) -> 78.666667 | R275: =IF(H275="","",IFERROR(MIN(100,H275/'Input & Settings'!$B$6*100),"")) -> 100 | S275: =IF(I275="","",IFERROR(MIN(100,I275/'Input & Settings'!$B$7*100),"")) -> 100 | T275: =IF(J275="","",IFERROR(MIN(100,J275/'Input & Settings'!$B$8*100),"")) -> 15 | U275: =IF(K275="","",IFERROR(MIN(100,K275/'Input & Settings'!$B$9*100),"")) -> 100 | V275: =IF(L275="","",IFERROR(MIN(100,L275/'Input & Settings'!$B$10*100),"")) -> 100 | W275: =IF(M275="","",IFERROR(IF(M275<='Input & Settings'!$B$11,100,MAX(0,100-(M275-'Input & Settings'!$B$11)*20)),"")) -> 100 | X275: =IF(N275="","",IFERROR(MIN(100,N275/'Input & Settings'!$B$12*100),"")) -> 0 | Y275: =IF(O275="","",IFERROR(MIN(100,O275/'Input & Settings'!$B$13*100),"")) -> 0 | Z275: =IF(P275="","",IFERROR(IF(P275<='Input & Settings'!$B$14,100,MAX(0,100-(P275-'Input & Settings'!$B$14)*20)),"")) -> 0 | AA275: =IF(COUNTA(G275:P275)=0,"",ROUND(Q275*'Input & Settings'!$C$5+R275*'Input & Settings'!$C$6+S275*'Input & Settings'!$C$7+T275*'Input & Settings'!$C$8+U275*'Input & Settings'!$C$9+V275*'Input & Settings'!$C$10+W275*'Input & Settings'!$C$11+X275*'Input & Settings'!$C$12+Y275*'Input & Settings'!$C$13+Z275*'Input & Settings'!$C$14,1)) -> 63.3 | AB275: =IF(OR(AA275="",E275=""),"",IFERROR(IF(AA275>=VLOOKUP(E275,'Input & Settings'!$F$5:$K$10,3,FALSE),"Outstanding",IF(AA275>=VLOOKUP(E275,'Input & Settings'!$F$5:$K$10,4,FALSE),"Exceeds Expectations",IF(AA275>=VLOOKUP(E275,'Input & Settings'!$F$5:$K$10,5,FALSE),"Meets Expectations",IF(AA275>=VLOOKUP(E275,'Input & Settings'!$F$5:$K$10,6,FALSE),"Needs Improvement","Performance Improvement Required")))),"")) -> Meets Expectations | AC275: =IF(COUNTA(G275:P275)+COUNTA(AD275:AE275)>0,"Entered","") -> Entered | AF275: =IF(AD275<>"",AD275,AA275) -> 63.3 | AG275: =IF(AE275<>"",AE275,AB275) -> Meets Expectations | AH275: =D275&"|"&B275 -> Nicolas Abello|July
A276: 2026 | B276: July | C276: Rafael Amaro | D276: Carlos Espinosa | E276: 2nd Shift | F276: =IF(E276="","",IFERROR(VLOOKUP(E276,'Input & Settings'!$F$5:$G$10,2,FALSE),"")) -> Normal | G276: 66 | H276: 72 | I276: 1 | J276: 18 | K276: 5 | L276: 1 | M276: 0 | N276: 0 | O276: 0 | P276: 1 | Q276: =IF(G276="","",IFERROR(MIN(100,G276/'Input & Settings'!$B$5*100),"")) -> 88 | R276: =IF(H276="","",IFERROR(MIN(100,H276/'Input & Settings'!$B$6*100),"")) -> 90 | S276: =IF(I276="","",IFERROR(MIN(100,I276/'Input & Settings'!$B$7*100),"")) -> 100 | T276: =IF(J276="","",IFERROR(MIN(100,J276/'Input & Settings'!$B$8*100),"")) -> 90 | U276: =IF(K276="","",IFERROR(MIN(100,K276/'Input & Settings'!$B$9*100),"")) -> 100 | V276: =IF(L276="","",IFERROR(MIN(100,L276/'Input & Settings'!$B$10*100),"")) -> 100 | W276: =IF(M276="","",IFERROR(IF(M276<='Input & Settings'!$B$11,100,MAX(0,100-(M276-'Input & Settings'!$B$11)*20)),"")) -> 100 | X276: =IF(N276="","",IFERROR(MIN(100,N276/'Input & Settings'!$B$12*100),"")) -> 0 | Y276: =IF(O276="","",IFERROR(MIN(100,O276/'Input & Settings'!$B$13*100),"")) -> 0 | Z276: =IF(P276="","",IFERROR(IF(P276<='Input & Settings'!$B$14,100,MAX(0,100-(P276-'Input & Settings'!$B$14)*20)),"")) -> 100 | AA276: =IF(COUNTA(G276:P276)=0,"",ROUND(Q276*'Input & Settings'!$C$5+R276*'Input & Settings'!$C$6+S276*'Input & Settings'!$C$7+T276*'Input & Settings'!$C$8+U276*'Input & Settings'!$C$9+V276*'Input & Settings'!$C$10+W276*'Input & Settings'!$C$11+X276*'Input & Settings'!$C$12+Y276*'Input & Settings'!$C$13+Z276*'Input & Settings'!$C$14,1)) -> 86.2 | AB276: =IF(OR(AA276="",E276=""),"",IFERROR(IF(AA276>=VLOOKUP(E276,'Input & Settings'!$F$5:$K$10,3,FALSE),"Outstanding",IF(AA276>=VLOOKUP(E276,'Input & Settings'!$F$5:$K$10,4,FALSE),"Exceeds Expectations",IF(AA276>=VLOOKUP(E276,'Input & Settings'!$F$5:$K$10,5,FALSE),"Meets Expectations",IF(AA276>=VLOOKUP(E276,'Input & Settings'!$F$5:$K$10,6,FALSE),"Needs Improvement","Performance Improvement Required")))),"")) -> Outstanding | AC276: =IF(COUNTA(G276:P276)+COUNTA(AD276:AE276)>0,"Entered","") -> Entered | AF276: =IF(AD276<>"",AD276,AA276) -> 86.2 | AG276: =IF(AE276<>"",AE276,AB276) -> Outstanding | AH276: =D276&"|"&B276 -> Carlos Espinosa|July
A277: 2026 | B277: July | C277: Rafael Amaro | D277: Fernando Barbera - Boyer | E277: 1st Shift | F277: =IF(E277="","",IFERROR(VLOOKUP(E277,'Input & Settings'!$F$5:$G$10,2,FALSE),"")) -> High | G277: 120 | H277: 42 | I277: 1 | J277: 28 | K277: 5 | L277: 1 | M277: 0 | N277: 0 | O277: 2 | P277: 6 | Q277: =IF(G277="","",IFERROR(MIN(100,G277/'Input & Settings'!$B$5*100),"")) -> 100 | R277: =IF(H277="","",IFERROR(MIN(100,H277/'Input & Settings'!$B$6*100),"")) -> 52.5 | S277: =IF(I277="","",IFERROR(MIN(100,I277/'Input & Settings'!$B$7*100),"")) -> 100 | T277: =IF(J277="","",IFERROR(MIN(100,J277/'Input & Settings'!$B$8*100),"")) -> 100 | U277: =IF(K277="","",IFERROR(MIN(100,K277/'Input & Settings'!$B$9*100),"")) -> 100 | V277: =IF(L277="","",IFERROR(MIN(100,L277/'Input & Settings'!$B$10*100),"")) -> 100 | W277: =IF(M277="","",IFERROR(IF(M277<='Input & Settings'!$B$11,100,MAX(0,100-(M277-'Input & Settings'!$B$11)*20)),"")) -> 100 | X277: =IF(N277="","",IFERROR(MIN(100,N277/'Input & Settings'!$B$12*100),"")) -> 0 | Y277: =IF(O277="","",IFERROR(MIN(100,O277/'Input & Settings'!$B$13*100),"")) -> 100 | Z277: =IF(P277="","",IFERROR(IF(P277<='Input & Settings'!$B$14,100,MAX(0,100-(P277-'Input & Settings'!$B$14)*20)),"")) -> 80 | AA277: =IF(COUNTA(G277:P277)=0,"",ROUND(Q277*'Input & Settings'!$C$5+R277*'Input & Settings'!$C$6+S277*'Input & Settings'!$C$7+T277*'Input & Settings'!$C$8+U277*'Input & Settings'!$C$9+V277*'Input & Settings'!$C$10+W277*'Input & Settings'!$C$11+X277*'Input & Settings'!$C$12+Y277*'Input & Settings'!$C$13+Z277*'Input & Settings'!$C$14,1)) -> 87.3 | AB277: =IF(OR(AA277="",E277=""),"",IFERROR(IF(AA277>=VLOOKUP(E277,'Input & Settings'!$F$5:$K$10,3,FALSE),"Outstanding",IF(AA277>=VLOOKUP(E277,'Input & Settings'!$F$5:$K$10,4,FALSE),"Exceeds Expectations",IF(AA277>=VLOOKUP(E277,'Input & Settings'!$F$5:$K$10,5,FALSE),"Meets Expectations",IF(AA277>=VLOOKUP(E277,'Input & Settings'!$F$5:$K$10,6,FALSE),"Needs Improvement","Performance Improvement Required")))),"")) -> Outstanding | AC277: =IF(COUNTA(G277:P277)+COUNTA(AD277:AE277)>0,"Entered","") -> Entered | AF277: =IF(AD277<>"",AD277,AA277) -> 87.3 | AG277: =IF(AE277<>"",AE277,AB277) -> Outstanding | AH277: =D277&"|"&B277 -> Fernando Barbera - Boyer|July
A278: 2026 | B278: July | C278: Rafael Amaro | D278: Miquelle Cordova | E278: 1st Shift | F278: =IF(E278="","",IFERROR(VLOOKUP(E278,'Input & Settings'!$F$5:$G$10,2,FALSE),"")) -> High | G278: 64 | H278: 34 | I278: 1 | J278: 5 | K278: 5 | L278: 1 | M278: 0 | N278: 0 | O278: 1 | P278: 5 | Q278: =IF(G278="","",IFERROR(MIN(100,G278/'Input & Settings'!$B$5*100),"")) -> 85.333333 | R278: =IF(H278="","",IFERROR(MIN(100,H278/'Input & Settings'!$B$6*100),"")) -> 42.5 | S278: =IF(I278="","",IFERROR(MIN(100,I278/'Input & Settings'!$B$7*100),"")) -> 100 | T278: =IF(J278="","",IFERROR(MIN(100,J278/'Input & Settings'!$B$8*100),"")) -> 25 | U278: =IF(K278="","",IFERROR(MIN(100,K278/'Input & Settings'!$B$9*100),"")) -> 100 | V278: =IF(L278="","",IFERROR(MIN(100,L278/'Input & Settings'!$B$10*100),"")) -> 100 | W278: =IF(M278="","",IFERROR(IF(M278<='Input & Settings'!$B$11,100,MAX(0,100-(M278-'Input & Settings'!$B$11)*20)),"")) -> 100 | X278: =IF(N278="","",IFERROR(MIN(100,N278/'Input & Settings'!$B$12*100),"")) -> 0 | Y278: =IF(O278="","",IFERROR(MIN(100,O278/'Input & Settings'!$B$13*100),"")) -> 50 | Z278: =IF(P278="","",IFERROR(IF(P278<='Input & Settings'!$B$14,100,MAX(0,100-(P278-'Input & Settings'!$B$14)*20)),"")) -> 100 | AA278: =IF(COUNTA(G278:P278)=0,"",ROUND(Q278*'Input & Settings'!$C$5+R278*'Input & Settings'!$C$6+S278*'Input & Settings'!$C$7+T278*'Input & Settings'!$C$8+U278*'Input & Settings'!$C$9+V278*'Input & Settings'!$C$10+W278*'Input & Settings'!$C$11+X278*'Input & Settings'!$C$12+Y278*'Input & Settings'!$C$13+Z278*'Input & Settings'!$C$14,1)) -> 77.1 | AB278: =IF(OR(AA278="",E278=""),"",IFERROR(IF(AA278>=VLOOKUP(E278,'Input & Settings'!$F$5:$K$10,3,FALSE),"Outstanding",IF(AA278>=VLOOKUP(E278,'Input & Settings'!$F$5:$K$10,4,FALSE),"Exceeds Expectations",IF(AA278>=VLOOKUP(E278,'Input & Settings'!$F$5:$K$10,5,FALSE),"Meets Expectations",IF(AA278>=VLOOKUP(E278,'Input & Settings'!$F$5:$K$10,6,FALSE),"Needs Improvement","Performance Improvement Required")))),"")) -> Exceeds Expectations | AC278: =IF(COUNTA(G278:P278)+COUNTA(AD278:AE278)>0,"Entered","") -> Entered | AF278: =IF(AD278<>"",AD278,AA278) -> 77.1 | AG278: =IF(AE278<>"",AE278,AB278) -> Exceeds Expectations | AH278: =D278&"|"&B278 -> Miquelle Cordova|July
A279: 2026 | B279: July | C279: Rafael Amaro | D279: Daniel Sanchez | E279: 2nd Shift | F279: =IF(E279="","",IFERROR(VLOOKUP(E279,'Input & Settings'!$F$5:$G$10,2,FALSE),"")) -> Normal | G279: 45 | H279: 8 | I279: 1 | J279: 26 | K279: 5 | L279: 1 | M279: 1 | N279: 0 | O279: 0 | P279: 1 | Q279: =IF(G279="","",IFERROR(MIN(100,G279/'Input & Settings'!$B$5*100),"")) -> 60 | R279: =IF(H279="","",IFERROR(MIN(100,H279/'Input & Settings'!$B$6*100),"")) -> 10 | S279: =IF(I279="","",IFERROR(MIN(100,I279/'Input & Settings'!$B$7*100),"")) -> 100 | T279: =IF(J279="","",IFERROR(MIN(100,J279/'Input & Settings'!$B$8*100),"")) -> 100 | U279: =IF(K279="","",IFERROR(MIN(100,K279/'Input & Settings'!$B$9*100),"")) -> 100 | V279: =IF(L279="","",IFERROR(MIN(100,L279/'Input & Settings'!$B$10*100),"")) -> 100 | W279: =IF(M279="","",IFERROR(IF(M279<='Input & Settings'!$B$11,100,MAX(0,100-(M279-'Input & Settings'!$B$11)*20)),"")) -> 100 | X279: =IF(N279="","",IFERROR(MIN(100,N279/'Input & Settings'!$B$12*100),"")) -> 0 | Y279: =IF(O279="","",IFERROR(MIN(100,O279/'Input & Settings'!$B$13*100),"")) -> 0 | Z279: =IF(P279="","",IFERROR(IF(P279<='Input & Settings'!$B$14,100,MAX(0,100-(P279-'Input & Settings'!$B$14)*20)),"")) -> 100 | AA279: =IF(COUNTA(G279:P279)=0,"",ROUND(Q279*'Input & Settings'!$C$5+R279*'Input & Settings'!$C$6+S279*'Input & Settings'!$C$7+T279*'Input & Settings'!$C$8+U279*'Input & Settings'!$C$9+V279*'Input & Settings'!$C$10+W279*'Input & Settings'!$C$11+X279*'Input & Settings'!$C$12+Y279*'Input & Settings'!$C$13+Z279*'Input & Settings'!$C$14,1)) -> 75 | AB279: =IF(OR(AA279="",E279=""),"",IFERROR(IF(AA279>=VLOOKUP(E279,'Input & Settings'!$F$5:$K$10,3,FALSE),"Outstanding",IF(AA279>=VLOOKUP(E279,'Input & Settings'!$F$5:$K$10,4,FALSE),"Exceeds Expectations",IF(AA279>=VLOOKUP(E279,'Input & Settings'!$F$5:$K$10,5,FALSE),"Meets Expectations",IF(AA279>=VLOOKUP(E279,'Input & Settings'!$F$5:$K$10,6,FALSE),"Needs Improvement","Performance Improvement Required")))),"")) -> Outstanding | AC279: =IF(COUNTA(G279:P279)+COUNTA(AD279:AE279)>0,"Entered","") -> Entered | AF279: =IF(AD279<>"",AD279,AA279) -> 75 | AG279: =IF(AE279<>"",AE279,AB279) -> Outstanding | AH279: =D279&"|"&B279 -> Daniel Sanchez|July
A280: 2026 | B280: July | C280: Rafael Amaro | D280: Braynon Edwards | E280: 2nd Shift | F280: =IF(E280="","",IFERROR(VLOOKUP(E280,'Input & Settings'!$F$5:$G$10,2,FALSE),"")) -> Normal | G280: 14 | H280: 15 | I280: 1 | J280: 10 | K280: 5 | L280: 0.9 | M280: 1 | N280: 0 | O280: 0 | P280: 0 | Q280: =IF(G280="","",IFERROR(MIN(100,G280/'Input & Settings'!$B$5*100),"")) -> 18.666667 | R280: =IF(H280="","",IFERROR(MIN(100,H280/'Input & Settings'!$B$6*100),"")) -> 18.75 | S280: =IF(I280="","",IFERROR(MIN(100,I280/'Input & Settings'!$B$7*100),"")) -> 100 | T280: =IF(J280="","",IFERROR(MIN(100,J280/'Input & Settings'!$B$8*100),"")) -> 50 | U280: =IF(K280="","",IFERROR(MIN(100,K280/'Input & Settings'!$B$9*100),"")) -> 100 | V280: =IF(L280="","",IFERROR(MIN(100,L280/'Input & Settings'!$B$10*100),"")) -> 94.736842 | W280: =IF(M280="","",IFERROR(IF(M280<='Input & Settings'!$B$11,100,MAX(0,100-(M280-'Input & Settings'!$B$11)*20)),"")) -> 100 | X280: =IF(N280="","",IFERROR(MIN(100,N280/'Input & Settings'!$B$12*100),"")) -> 0 | Y280: =IF(O280="","",IFERROR(MIN(100,O280/'Input & Settings'!$B$13*100),"")) -> 0 | Z280: =IF(P280="","",IFERROR(IF(P280<='Input & Settings'!$B$14,100,MAX(0,100-(P280-'Input & Settings'!$B$14)*20)),"")) -> 100 | AA280: =IF(COUNTA(G280:P280)=0,"",ROUND(Q280*'Input & Settings'!$C$5+R280*'Input & Settings'!$C$6+S280*'Input & Settings'!$C$7+T280*'Input & Settings'!$C$8+U280*'Input & Settings'!$C$9+V280*'Input & Settings'!$C$10+W280*'Input & Settings'!$C$11+X280*'Input & Settings'!$C$12+Y280*'Input & Settings'!$C$13+Z280*'Input & Settings'!$C$14,1)) -> 64.1 | AB280: =IF(OR(AA280="",E280=""),"",IFERROR(IF(AA280>=VLOOKUP(E280,'Input & Settings'!$F$5:$K$10,3,FALSE),"Outstanding",IF(AA280>=VLOOKUP(E280,'Input & Settings'!$F$5:$K$10,4,FALSE),"Exceeds Expectations",IF(AA280>=VLOOKUP(E280,'Input & Settings'!$F$5:$K$10,5,FALSE),"Meets Expectations",IF(AA280>=VLOOKUP(E280,'Input & Settings'!$F$5:$K$10,6,FALSE),"Needs Improvement","Performance Improvement Required")))),"")) -> Meets Expectations | AC280: =IF(COUNTA(G280:P280)+COUNTA(AD280:AE280)>0,"Entered","") -> Entered | AF280: =IF(AD280<>"",AD280,AA280) -> 64.1 | AG280: =IF(AE280<>"",AE280,AB280) -> Meets Expectations | AH280: =D280&"|"&B280 -> Braynon Edwards|July
A281: 2026 | B281: July | C281: Rafael Amaro | D281: Sebastian Lopez | E281: 3rd Shift | F281: =IF(E281="","",IFERROR(VLOOKUP(E281,'Input & Settings'!$F$5:$G$10,2,FALSE),"")) -> Low | G281: 32 | H281: 26 | I281: 1 | J281: 1 | K281: 4.5 | L281: 1 | M281: 0 | N281: 0 | O281: 1 | P281: 0 | Q281: =IF(G281="","",IFERROR(MIN(100,G281/'Input & Settings'!$B$5*100),"")) -> 42.666667 | R281: =IF(H281="","",IFERROR(MIN(100,H281/'Input & Settings'!$B$6*100),"")) -> 32.5 | S281: =IF(I281="","",IFERROR(MIN(100,I281/'Input & Settings'!$B$7*100),"")) -> 100 | T281: =IF(J281="","",IFERROR(MIN(100,J281/'Input & Settings'!$B$8*100),"")) -> 5 | U281: =IF(K281="","",IFERROR(MIN(100,K281/'Input & Settings'!$B$9*100),"")) -> 95.744681 | V281: =IF(L281="","",IFERROR(MIN(100,L281/'Input & Settings'!$B$10*100),"")) -> 100 | W281: =IF(M281="","",IFERROR(IF(M281<='Input & Settings'!$B$11,100,MAX(0,100-(M281-'Input & Settings'!$B$11)*20)),"")) -> 100 | X281: =IF(N281="","",IFERROR(MIN(100,N281/'Input & Settings'!$B$12*100),"")) -> 0 | Y281: =IF(O281="","",IFERROR(MIN(100,O281/'Input & Settings'!$B$13*100),"")) -> 50 | Z281: =IF(P281="","",IFERROR(IF(P281<='Input & Settings'!$B$14,100,MAX(0,100-(P281-'Input & Settings'!$B$14)*20)),"")) -> 100 | AA281: =IF(COUNTA(G281:P281)=0,"",ROUND(Q281*'Input & Settings'!$C$5+R281*'Input & Settings'!$C$6+S281*'Input & Settings'!$C$7+T281*'Input & Settings'!$C$8+U281*'Input & Settings'!$C$9+V281*'Input & Settings'!$C$10+W281*'Input & Settings'!$C$11+X281*'Input & Settings'!$C$12+Y281*'Input & Settings'!$C$13+Z281*'Input & Settings'!$C$14,1)) -> 67.2 | AB281: =IF(OR(AA281="",E281=""),"",IFERROR(IF(AA281>=VLOOKUP(E281,'Input & Settings'!$F$5:$K$10,3,FALSE),"Outstanding",IF(AA281>=VLOOKUP(E281,'Input & Settings'!$F$5:$K$10,4,FALSE),"Exceeds Expectations",IF(AA281>=VLOOKUP(E281,'Input & Settings'!$F$5:$K$10,5,FALSE),"Meets Expectations",IF(AA281>=VLOOKUP(E281,'Input & Settings'!$F$5:$K$10,6,FALSE),"Needs Improvement","Performance Improvement Required")))),"")) -> Exceeds Expectations | AC281: =IF(COUNTA(G281:P281)+COUNTA(AD281:AE281)>0,"Entered","") -> Entered | AF281: =IF(AD281<>"",AD281,AA281) -> 67.2 | AG281: =IF(AE281<>"",AE281,AB281) -> Exceeds Expectations | AH281: =D281&"|"&B281 -> Sebastian Lopez|July
A282: 2026 | B282: July | C282: Rafael Amaro | D282: Lucas Degomme | E282: 1st Shift | F282: =IF(E282="","",IFERROR(VLOOKUP(E282,'Input & Settings'!$F$5:$G$10,2,FALSE),"")) -> High | G282: 20 | H282: 37 | I282: 1 | J282: 64 | K282: 4.5 | L282: 1 | M282: 0 | N282: 0 | O282: 1 | P282: 0 | Q282: =IF(G282="","",IFERROR(MIN(100,G282/'Input & Settings'!$B$5*100),"")) -> 26.666667 | R282: =IF(H282="","",IFERROR(MIN(100,H282/'Input & Settings'!$B$6*100),"")) -> 46.25 | S282: =IF(I282="","",IFERROR(MIN(100,I282/'Input & Settings'!$B$7*100),"")) -> 100 | T282: =IF(J282="","",IFERROR(MIN(100,J282/'Input & Settings'!$B$8*100),"")) -> 100 | U282: =IF(K282="","",IFERROR(MIN(100,K282/'Input & Settings'!$B$9*100),"")) -> 95.744681 | V282: =IF(L282="","",IFERROR(MIN(100,L282/'Input & Settings'!$B$10*100),"")) -> 100 | W282: =IF(M282="","",IFERROR(IF(M282<='Input & Settings'!$B$11,100,MAX(0,100-(M282-'Input & Settings'!$B$11)*20)),"")) -> 100 | X282: =IF(N282="","",IFERROR(MIN(100,N282/'Input & Settings'!$B$12*100),"")) -> 0 | Y282: =IF(O282="","",IFERROR(MIN(100,O282/'Input & Settings'!$B$13*100),"")) -> 50 | Z282: =IF(P282="","",IFERROR(IF(P282<='Input & Settings'!$B$14,100,MAX(0,100-(P282-'Input & Settings'!$B$14)*20)),"")) -> 100 | AA282: =IF(COUNTA(G282:P282)=0,"",ROUND(Q282*'Input & Settings'!$C$5+R282*'Input & Settings'!$C$6+S282*'Input & Settings'!$C$7+T282*'Input & Settings'!$C$8+U282*'Input & Settings'!$C$9+V282*'Input & Settings'!$C$10+W282*'Input & Settings'!$C$11+X282*'Input & Settings'!$C$12+Y282*'Input & Settings'!$C$13+Z282*'Input & Settings'!$C$14,1)) -> 75.7 | AB282: =IF(OR(AA282="",E282=""),"",IFERROR(IF(AA282>=VLOOKUP(E282,'Input & Settings'!$F$5:$K$10,3,FALSE),"Outstanding",IF(AA282>=VLOOKUP(E282,'Input & Settings'!$F$5:$K$10,4,FALSE),"Exceeds Expectations",IF(AA282>=VLOOKUP(E282,'Input & Settings'!$F$5:$K$10,5,FALSE),"Meets Expectations",IF(AA282>=VLOOKUP(E282,'Input & Settings'!$F$5:$K$10,6,FALSE),"Needs Improvement","Performance Improvement Required")))),"")) -> Exceeds Expectations | AC282: =IF(COUNTA(G282:P282)+COUNTA(AD282:AE282)>0,"Entered","") -> Entered | AF282: =IF(AD282<>"",AD282,AA282) -> 75.7 | AG282: =IF(AE282<>"",AE282,AB282) -> Exceeds Expectations | AH282: =D282&"|"&B282 -> Lucas Degomme|July
A283: 2026 | B283: July | C283: Rafael Amaro | D283: Alexander Chinea | E283: 2nd Shift | F283: =IF(E283="","",IFERROR(VLOOKUP(E283,'Input & Settings'!$F$5:$G$10,2,FALSE),"")) -> Normal | G283: 27 | H283: 15 | I283: 1 | J283: 19 | K283: 4.5 | L283: 1 | M283: 1 | N283: 0 | O283: 2 | P283: 0 | Q283: =IF(G283="","",IFERROR(MIN(100,G283/'Input & Settings'!$B$5*100),"")) -> 36 | R283: =IF(H283="","",IFERROR(MIN(100,H283/'Input & Settings'!$B$6*100),"")) -> 18.75 | S283: =IF(I283="","",IFERROR(MIN(100,I283/'Input & Settings'!$B$7*100),"")) -> 100 | T283: =IF(J283="","",IFERROR(MIN(100,J283/'Input & Settings'!$B$8*100),"")) -> 95 | U283: =IF(K283="","",IFERROR(MIN(100,K283/'Input & Settings'!$B$9*100),"")) -> 95.744681 | V283: =IF(L283="","",IFERROR(MIN(100,L283/'Input & Settings'!$B$10*100),"")) -> 100 | W283: =IF(M283="","",IFERROR(IF(M283<='Input & Settings'!$B$11,100,MAX(0,100-(M283-'Input & Settings'!$B$11)*20)),"")) -> 100 | X283: =IF(N283="","",IFERROR(MIN(100,N283/'Input & Settings'!$B$12*100),"")) -> 0 | Y283: =IF(O283="","",IFERROR(MIN(100,O283/'Input & Settings'!$B$13*100),"")) -> 100 | Z283: =IF(P283="","",IFERROR(IF(P283<='Input & Settings'!$B$14,100,MAX(0,100-(P283-'Input & Settings'!$B$14)*20)),"")) -> 100 | AA283: =IF(COUNTA(G283:P283)=0,"",ROUND(Q283*'Input & Settings'!$C$5+R283*'Input & Settings'!$C$6+S283*'Input & Settings'!$C$7+T283*'Input & Settings'!$C$8+U283*'Input & Settings'!$C$9+V283*'Input & Settings'!$C$10+W283*'Input & Settings'!$C$11+X283*'Input & Settings'!$C$12+Y283*'Input & Settings'!$C$13+Z283*'Input & Settings'!$C$14,1)) -> 76.3 | AB283: =IF(OR(AA283="",E283=""),"",IFERROR(IF(AA283>=VLOOKUP(E283,'Input & Settings'!$F$5:$K$10,3,FALSE),"Outstanding",IF(AA283>=VLOOKUP(E283,'Input & Settings'!$F$5:$K$10,4,FALSE),"Exceeds Expectations",IF(AA283>=VLOOKUP(E283,'Input & Settings'!$F$5:$K$10,5,FALSE),"Meets Expectations",IF(AA283>=VLOOKUP(E283,'Input & Settings'!$F$5:$K$10,6,FALSE),"Needs Improvement","Performance Improvement Required")))),"")) -> Outstanding | AC283: =IF(COUNTA(G283:P283)+COUNTA(AD283:AE283)>0,"Entered","") -> Entered | AF283: =IF(AD283<>"",AD283,AA283) -> 76.3 | AG283: =IF(AE283<>"",AE283,AB283) -> Outstanding | AH283: =D283&"|"&B283 -> Alexander Chinea|July
A284: 2026 | B284: July | C284: Rafael Amaro | D284: Carlos Martinez Monzon | E284: 3rd Shift | F284: =IF(E284="","",IFERROR(VLOOKUP(E284,'Input & Settings'!$F$5:$G$10,2,FALSE),"")) -> Low | G284: 19 | H284: 25 | I284: 1 | J284: 10 | K284: 3 | L284: 1 | M284: 2 | N284: 0 | O284: 0 | P284: 5 | Q284: =IF(G284="","",IFERROR(MIN(100,G284/'Input & Settings'!$B$5*100),"")) -> 25.333333 | R284: =IF(H284="","",IFERROR(MIN(100,H284/'Input & Settings'!$B$6*100),"")) -> 31.25 | S284: =IF(I284="","",IFERROR(MIN(100,I284/'Input & Settings'!$B$7*100),"")) -> 100 | T284: =IF(J284="","",IFERROR(MIN(100,J284/'Input & Settings'!$B$8*100),"")) -> 50 | U284: =IF(K284="","",IFERROR(MIN(100,K284/'Input & Settings'!$B$9*100),"")) -> 63.829787 | V284: =IF(L284="","",IFERROR(MIN(100,L284/'Input & Settings'!$B$10*100),"")) -> 100 | W284: =IF(M284="","",IFERROR(IF(M284<='Input & Settings'!$B$11,100,MAX(0,100-(M284-'Input & Settings'!$B$11)*20)),"")) -> 100 | X284: =IF(N284="","",IFERROR(MIN(100,N284/'Input & Settings'!$B$12*100),"")) -> 0 | Y284: =IF(O284="","",IFERROR(MIN(100,O284/'Input & Settings'!$B$13*100),"")) -> 0 | Z284: =IF(P284="","",IFERROR(IF(P284<='Input & Settings'!$B$14,100,MAX(0,100-(P284-'Input & Settings'!$B$14)*20)),"")) -> 100 | AA284: =IF(COUNTA(G284:P284)=0,"",ROUND(Q284*'Input & Settings'!$C$5+R284*'Input & Settings'!$C$6+S284*'Input & Settings'!$C$7+T284*'Input & Settings'!$C$8+U284*'Input & Settings'!$C$9+V284*'Input & Settings'!$C$10+W284*'Input & Settings'!$C$11+X284*'Input & Settings'!$C$12+Y284*'Input & Settings'!$C$13+Z284*'Input & Settings'!$C$14,1)) -> 63.3 | AB284: =IF(OR(AA284="",E284=""),"",IFERROR(IF(AA284>=VLOOKUP(E284,'Input & Settings'!$F$5:$K$10,3,FALSE),"Outstanding",IF(AA284>=VLOOKUP(E284,'Input & Settings'!$F$5:$K$10,4,FALSE),"Exceeds Expectations",IF(AA284>=VLOOKUP(E284,'Input & Settings'!$F$5:$K$10,5,FALSE),"Meets Expectations",IF(AA284>=VLOOKUP(E284,'Input & Settings'!$F$5:$K$10,6,FALSE),"Needs Improvement","Performance Improvement Required")))),"")) -> Meets Expectations | AC284: =IF(COUNTA(G284:P284)+COUNTA(AD284:AE284)>0,"Entered","") -> Entered | AF284: =IF(AD284<>"",AD284,AA284) -> 63.3 | AG284: =IF(AE284<>"",AE284,AB284) -> Meets Expectations | AH284: =D284&"|"&B284 -> Carlos Martinez Monzon|July
A285: 2026 | B285: July | C285: Rafael Amaro | D285: Carlos Sanabria | E285: 1st Shift Weekend | F285: =IF(E285="","",IFERROR(VLOOKUP(E285,'Input & Settings'!$F$5:$G$10,2,FALSE),"")) -> Normal | Q285: =IF(G285="","",IFERROR(MIN(100,G285/'Input & Settings'!$B$5*100),"")) | R285: =IF(H285="","",IFERROR(MIN(100,H285/'Input & Settings'!$B$6*100),"")) | S285: =IF(I285="","",IFERROR(MIN(100,I285/'Input & Settings'!$B$7*100),"")) | T285: =IF(J285="","",IFERROR(MIN(100,J285/'Input & Settings'!$B$8*100),"")) | U285: =IF(K285="","",IFERROR(MIN(100,K285/'Input & Settings'!$B$9*100),"")) | V285: =IF(L285="","",IFERROR(MIN(100,L285/'Input & Settings'!$B$10*100),"")) | W285: =IF(M285="","",IFERROR(IF(M285<='Input & Settings'!$B$11,100,MAX(0,100-(M285-'Input & Settings'!$B$11)*20)),"")) | X285: =IF(N285="","",IFERROR(MIN(100,N285/'Input & Settings'!$B$12*100),"")) | Y285: =IF(O285="","",IFERROR(MIN(100,O285/'Input & Settings'!$B$13*100),"")) | Z285: =IF(P285="","",IFERROR(IF(P285<='Input & Settings'!$B$14,100,MAX(0,100-(P285-'Input & Settings'!$B$14)*20)),"")) | AA285: =IF(COUNTA(G285:P285)=0,"",ROUND(Q285*'Input & Settings'!$C$5+R285*'Input & Settings'!$C$6+S285*'Input & Settings'!$C$7+T285*'Input & Settings'!$C$8+U285*'Input & Settings'!$C$9+V285*'Input & Settings'!$C$10+W285*'Input & Settings'!$C$11+X285*'Input & Settings'!$C$12+Y285*'Input & Settings'!$C$13+Z285*'Input & Settings'!$C$14,1)) | AB285: =IF(OR(AA285="",E285=""),"",IFERROR(IF(AA285>=VLOOKUP(E285,'Input & Settings'!$F$5:$K$10,3,FALSE),"Outstanding",IF(AA285>=VLOOKUP(E285,'Input & Settings'!$F$5:$K$10,4,FALSE),"Exceeds Expectations",IF(AA285>=VLOOKUP(E285,'Input & Settings'!$F$5:$K$10,5,FALSE),"Meets Expectations",IF(AA285>=VLOOKUP(E285,'Input & Settings'!$F$5:$K$10,6,FALSE),"Needs Improvement","Performance Improvement Required")))),"")) | AC285: =IF(COUNTA(G285:P285)+COUNTA(AD285:AE285)>0,"Entered","") | AF285: =IF(AD285<>"",AD285,AA285) | AG285: =IF(AE285<>"",AE285,AB285) | AH285: =D285&"|"&B285 -> Carlos Sanabria|July
A286: 2026 | B286: July | C286: Rafael Amaro | D286: Alex Gomes | E286: 1st Shift | F286: =IF(E286="","",IFERROR(VLOOKUP(E286,'Input & Settings'!$F$5:$G$10,2,FALSE),"")) -> High | G286: 20 | H286: 34 | I286: 1 | J286: 29 | K286: 4.25 | L286: 1 | M286: 2 | N286: 0 | O286: 0 | P286: 2 | Q286: =IF(G286="","",IFERROR(MIN(100,G286/'Input & Settings'!$B$5*100),"")) -> 26.666667 | R286: =IF(H286="","",IFERROR(MIN(100,H286/'Input & Settings'!$B$6*100),"")) -> 42.5 | S286: =IF(I286="","",IFERROR(MIN(100,I286/'Input & Settings'!$B$7*100),"")) -> 100 | T286: =IF(J286="","",IFERROR(MIN(100,J286/'Input & Settings'!$B$8*100),"")) -> 100 | U286: =IF(K286="","",IFERROR(MIN(100,K286/'Input & Settings'!$B$9*100),"")) -> 90.425532 | V286: =IF(L286="","",IFERROR(MIN(100,L286/'Input & Settings'!$B$10*100),"")) -> 100 | W286: =IF(M286="","",IFERROR(IF(M286<='Input & Settings'!$B$11,100,MAX(0,100-(M286-'Input & Settings'!$B$11)*20)),"")) -> 100 | X286: =IF(N286="","",IFERROR(MIN(100,N286/'Input & Settings'!$B$12*100),"")) -> 0 | Y286: =IF(O286="","",IFERROR(MIN(100,O286/'Input & Settings'!$B$13*100),"")) -> 0 | Z286: =IF(P286="","",IFERROR(IF(P286<='Input & Settings'!$B$14,100,MAX(0,100-(P286-'Input & Settings'!$B$14)*20)),"")) -> 100 | AA286: =IF(COUNTA(G286:P286)=0,"",ROUND(Q286*'Input & Settings'!$C$5+R286*'Input & Settings'!$C$6+S286*'Input & Settings'!$C$7+T286*'Input & Settings'!$C$8+U286*'Input & Settings'!$C$9+V286*'Input & Settings'!$C$10+W286*'Input & Settings'!$C$11+X286*'Input & Settings'!$C$12+Y286*'Input & Settings'!$C$13+Z286*'Input & Settings'!$C$14,1)) -> 72.3 | AB286: =IF(OR(AA286="",E286=""),"",IFERROR(IF(AA286>=VLOOKUP(E286,'Input & Settings'!$F$5:$K$10,3,FALSE),"Outstanding",IF(AA286>=VLOOKUP(E286,'Input & Settings'!$F$5:$K$10,4,FALSE),"Exceeds Expectations",IF(AA286>=VLOOKUP(E286,'Input & Settings'!$F$5:$K$10,5,FALSE),"Meets Expectations",IF(AA286>=VLOOKUP(E286,'Input & Settings'!$F$5:$K$10,6,FALSE),"Needs Improvement","Performance Improvement Required")))),"")) -> Exceeds Expectations | AC286: =IF(COUNTA(G286:P286)+COUNTA(AD286:AE286)>0,"Entered","") -> Entered | AF286: =IF(AD286<>"",AD286,AA286) -> 72.3 | AG286: =IF(AE286<>"",AE286,AB286) -> Exceeds Expectations | AH286: =D286&"|"&B286 -> Alex Gomes|July
A287: 2026 | B287: July | C287: Rafael Amaro | D287: Teddy Joseph | E287: 2nd Shift | F287: =IF(E287="","",IFERROR(VLOOKUP(E287,'Input & Settings'!$F$5:$G$10,2,FALSE),"")) -> Normal | G287: 19 | H287: 13 | I287: 1 | J287: 21 | K287: 5 | L287: 1 | M287: 0 | N287: 0 | O287: 0 | P287: 0 | Q287: =IF(G287="","",IFERROR(MIN(100,G287/'Input & Settings'!$B$5*100),"")) -> 25.333333 | R287: =IF(H287="","",IFERROR(MIN(100,H287/'Input & Settings'!$B$6*100),"")) -> 16.25 | S287: =IF(I287="","",IFERROR(MIN(100,I287/'Input & Settings'!$B$7*100),"")) -> 100 | T287: =IF(J287="","",IFERROR(MIN(100,J287/'Input & Settings'!$B$8*100),"")) -> 100 | U287: =IF(K287="","",IFERROR(MIN(100,K287/'Input & Settings'!$B$9*100),"")) -> 100 | V287: =IF(L287="","",IFERROR(MIN(100,L287/'Input & Settings'!$B$10*100),"")) -> 100 | W287: =IF(M287="","",IFERROR(IF(M287<='Input & Settings'!$B$11,100,MAX(0,100-(M287-'Input & Settings'!$B$11)*20)),"")) -> 100 | X287: =IF(N287="","",IFERROR(MIN(100,N287/'Input & Settings'!$B$12*100),"")) -> 0 | Y287: =IF(O287="","",IFERROR(MIN(100,O287/'Input & Settings'!$B$13*100),"")) -> 0 | Z287: =IF(P287="","",IFERROR(IF(P287<='Input & Settings'!$B$14,100,MAX(0,100-(P287-'Input & Settings'!$B$14)*20)),"")) -> 100 | AA287: =IF(COUNTA(G287:P287)=0,"",ROUND(Q287*'Input & Settings'!$C$5+R287*'Input & Settings'!$C$6+S287*'Input & Settings'!$C$7+T287*'Input & Settings'!$C$8+U287*'Input & Settings'!$C$9+V287*'Input & Settings'!$C$10+W287*'Input & Settings'!$C$11+X287*'Input & Settings'!$C$12+Y287*'Input & Settings'!$C$13+Z287*'Input & Settings'!$C$14,1)) -> 70.4 | AB287: =IF(OR(AA287="",E287=""),"",IFERROR(IF(AA287>=VLOOKUP(E287,'Input & Settings'!$F$5:$K$10,3,FALSE),"Outstanding",IF(AA287>=VLOOKUP(E287,'Input & Settings'!$F$5:$K$10,4,FALSE),"Exceeds Expectations",IF(AA287>=VLOOKUP(E287,'Input & Settings'!$F$5:$K$10,5,FALSE),"Meets Expectations",IF(AA287>=VLOOKUP(E287,'Input & Settings'!$F$5:$K$10,6,FALSE),"Needs Improvement","Performance Improvement Required")))),"")) -> Exceeds Expectations | AC287: =IF(COUNTA(G287:P287)+COUNTA(AD287:AE287)>0,"Entered","") -> Entered | AF287: =IF(AD287<>"",AD287,AA287) -> 70.4 | AG287: =IF(AE287<>"",AE287,AB287) -> Exceeds Expectations | AH287: =D287&"|"&B287 -> Teddy Joseph|July
A288: 2026 | B288: July | C288: Rafael Amaro | D288: Andrew Montgomery | E288: 3rd Shift | F288: =IF(E288="","",IFERROR(VLOOKUP(E288,'Input & Settings'!$F$5:$G$10,2,FALSE),"")) -> Low | G288: 12 | H288: 7 | I288: 1 | J288: 52 | K288: 5 | L288: 1 | M288: 0 | N288: 0 | O288: 0 | P288: 0 | Q288: =IF(G288="","",IFERROR(MIN(100,G288/'Input & Settings'!$B$5*100),"")) -> 16 | R288: =IF(H288="","",IFERROR(MIN(100,H288/'Input & Settings'!$B$6*100),"")) -> 8.75 | S288: =IF(I288="","",IFERROR(MIN(100,I288/'Input & Settings'!$B$7*100),"")) -> 100 | T288: =IF(J288="","",IFERROR(MIN(100,J288/'Input & Settings'!$B$8*100),"")) -> 100 | U288: =IF(K288="","",IFERROR(MIN(100,K288/'Input & Settings'!$B$9*100),"")) -> 100 | V288: =IF(L288="","",IFERROR(MIN(100,L288/'Input & Settings'!$B$10*100),"")) -> 100 | W288: =IF(M288="","",IFERROR(IF(M288<='Input & Settings'!$B$11,100,MAX(0,100-(M288-'Input & Settings'!$B$11)*20)),"")) -> 100 | X288: =IF(N288="","",IFERROR(MIN(100,N288/'Input & Settings'!$B$12*100),"")) -> 0 | Y288: =IF(O288="","",IFERROR(MIN(100,O288/'Input & Settings'!$B$13*100),"")) -> 0 | Z288: =IF(P288="","",IFERROR(IF(P288<='Input & Settings'!$B$14,100,MAX(0,100-(P288-'Input & Settings'!$B$14)*20)),"")) -> 100 | AA288: =IF(COUNTA(G288:P288)=0,"",ROUND(Q288*'Input & Settings'!$C$5+R288*'Input & Settings'!$C$6+S288*'Input & Settings'!$C$7+T288*'Input & Settings'!$C$8+U288*'Input & Settings'!$C$9+V288*'Input & Settings'!$C$10+W288*'Input & Settings'!$C$11+X288*'Input & Settings'!$C$12+Y288*'Input & Settings'!$C$13+Z288*'Input & Settings'!$C$14,1)) -> 68.3 | AB288: =IF(OR(AA288="",E288=""),"",IFERROR(IF(AA288>=VLOOKUP(E288,'Input & Settings'!$F$5:$K$10,3,FALSE),"Outstanding",IF(AA288>=VLOOKUP(E288,'Input & Settings'!$F$5:$K$10,4,FALSE),"Exceeds Expectations",IF(AA288>=VLOOKUP(E288,'Input & Settings'!$F$5:$K$10,5,FALSE),"Meets Expectations",IF(AA288>=VLOOKUP(E288,'Input & Settings'!$F$5:$K$10,6,FALSE),"Needs Improvement","Performance Improvement Required")))),"")) -> Exceeds Expectations | AC288: =IF(COUNTA(G288:P288)+COUNTA(AD288:AE288)>0,"Entered","") -> Entered | AF288: =IF(AD288<>"",AD288,AA288) -> 68.3 | AG288: =IF(AE288<>"",AE288,AB288) -> Exceeds Expectations | AH288: =D288&"|"&B288 -> Andrew Montgomery|July
A289: 2026 | B289: July | C289: Rafael Amaro | D289: Amanda Rodriguez | E289: 1st Shift Weekend | F289: =IF(E289="","",IFERROR(VLOOKUP(E289,'Input & Settings'!$F$5:$G$10,2,FALSE),"")) -> Normal | Q289: =IF(G289="","",IFERROR(MIN(100,G289/'Input & Settings'!$B$5*100),"")) | R289: =IF(H289="","",IFERROR(MIN(100,H289/'Input & Settings'!$B$6*100),"")) | S289: =IF(I289="","",IFERROR(MIN(100,I289/'Input & Settings'!$B$7*100),"")) | T289: =IF(J289="","",IFERROR(MIN(100,J289/'Input & Settings'!$B$8*100),"")) | U289: =IF(K289="","",IFERROR(MIN(100,K289/'Input & Settings'!$B$9*100),"")) | V289: =IF(L289="","",IFERROR(MIN(100,L289/'Input & Settings'!$B$10*100),"")) | W289: =IF(M289="","",IFERROR(IF(M289<='Input & Settings'!$B$11,100,MAX(0,100-(M289-'Input & Settings'!$B$11)*20)),"")) | X289: =IF(N289="","",IFERROR(MIN(100,N289/'Input & Settings'!$B$12*100),"")) | Y289: =IF(O289="","",IFERROR(MIN(100,O289/'Input & Settings'!$B$13*100),"")) | Z289: =IF(P289="","",IFERROR(IF(P289<='Input & Settings'!$B$14,100,MAX(0,100-(P289-'Input & Settings'!$B$14)*20)),"")) | AA289: =IF(COUNTA(G289:P289)=0,"",ROUND(Q289*'Input & Settings'!$C$5+R289*'Input & Settings'!$C$6+S289*'Input & Settings'!$C$7+T289*'Input & Settings'!$C$8+U289*'Input & Settings'!$C$9+V289*'Input & Settings'!$C$10+W289*'Input & Settings'!$C$11+X289*'Input & Settings'!$C$12+Y289*'Input & Settings'!$C$13+Z289*'Input & Settings'!$C$14,1)) | AB289: =IF(OR(AA289="",E289=""),"",IFERROR(IF(AA289>=VLOOKUP(E289,'Input & Settings'!$F$5:$K$10,3,FALSE),"Outstanding",IF(AA289>=VLOOKUP(E289,'Input & Settings'!$F$5:$K$10,4,FALSE),"Exceeds Expectations",IF(AA289>=VLOOKUP(E289,'Input & Settings'!$F$5:$K$10,5,FALSE),"Meets Expectations",IF(AA289>=VLOOKUP(E289,'Input & Settings'!$F$5:$K$10,6,FALSE),"Needs Improvement","Performance Improvement Required")))),"")) | AC289: =IF(COUNTA(G289:P289)+COUNTA(AD289:AE289)>0,"Entered","") | AF289: =IF(AD289<>"",AD289,AA289) | AG289: =IF(AE289<>"",AE289,AB289) | AH289: =D289&"|"&B289 -> Amanda Rodriguez|July
A290: 2026 | B290: July | C290: Rafael Amaro | D290: Erick Mojica | E290: 1st Shift | F290: =IF(E290="","",IFERROR(VLOOKUP(E290,'Input & Settings'!$F$5:$G$10,2,FALSE),"")) -> High | G290: 48 | H290: 59 | I290: 1 | J290: 0 | K290: 5 | L290: 1 | M290: 6 | N290: 0 | O290: 1 | P290: 8 | Q290: =IF(G290="","",IFERROR(MIN(100,G290/'Input & Settings'!$B$5*100),"")) -> 64 | R290: =IF(H290="","",IFERROR(MIN(100,H290/'Input & Settings'!$B$6*100),"")) -> 73.75 | S290: =IF(I290="","",IFERROR(MIN(100,I290/'Input & Settings'!$B$7*100),"")) -> 100 | T290: =IF(J290="","",IFERROR(MIN(100,J290/'Input & Settings'!$B$8*100),"")) -> 0 | U290: =IF(K290="","",IFERROR(MIN(100,K290/'Input & Settings'!$B$9*100),"")) -> 100 | V290: =IF(L290="","",IFERROR(MIN(100,L290/'Input & Settings'!$B$10*100),"")) -> 100 | W290: =IF(M290="","",IFERROR(IF(M290<='Input & Settings'!$B$11,100,MAX(0,100-(M290-'Input & Settings'!$B$11)*20)),"")) -> 80 | X290: =IF(N290="","",IFERROR(MIN(100,N290/'Input & Settings'!$B$12*100),"")) -> 0 | Y290: =IF(O290="","",IFERROR(MIN(100,O290/'Input & Settings'!$B$13*100),"")) -> 50 | Z290: =IF(P290="","",IFERROR(IF(P290<='Input & Settings'!$B$14,100,MAX(0,100-(P290-'Input & Settings'!$B$14)*20)),"")) -> 40 | AA290: =IF(COUNTA(G290:P290)=0,"",ROUND(Q290*'Input & Settings'!$C$5+R290*'Input & Settings'!$C$6+S290*'Input & Settings'!$C$7+T290*'Input & Settings'!$C$8+U290*'Input & Settings'!$C$9+V290*'Input & Settings'!$C$10+W290*'Input & Settings'!$C$11+X290*'Input & Settings'!$C$12+Y290*'Input & Settings'!$C$13+Z290*'Input & Settings'!$C$14,1)) -> 63.5 | AB290: =IF(OR(AA290="",E290=""),"",IFERROR(IF(AA290>=VLOOKUP(E290,'Input & Settings'!$F$5:$K$10,3,FALSE),"Outstanding",IF(AA290>=VLOOKUP(E290,'Input & Settings'!$F$5:$K$10,4,FALSE),"Exceeds Expectations",IF(AA290>=VLOOKUP(E290,'Input & Settings'!$F$5:$K$10,5,FALSE),"Meets Expectations",IF(AA290>=VLOOKUP(E290,'Input & Settings'!$F$5:$K$10,6,FALSE),"Needs Improvement","Performance Improvement Required")))),"")) -> Meets Expectations | AC290: =IF(COUNTA(G290:P290)+COUNTA(AD290:AE290)>0,"Entered","") -> Entered | AF290: =IF(AD290<>"",AD290,AA290) -> 63.5 | AG290: =IF(AE290<>"",AE290,AB290) -> Meets Expectations | AH290: =D290&"|"&B290 -> Erick Mojica|July
A291: 2026 | B291: July | C291: Jose Molina | D291: Raul Rama | F291: =IF(E291="","",IFERROR(VLOOKUP(E291,'Input & Settings'!$F$5:$G$10,2,FALSE),"")) | Q291: =IF(G291="","",IFERROR(MIN(100,G291/'Input & Settings'!$B$5*100),"")) | R291: =IF(H291="","",IFERROR(MIN(100,H291/'Input & Settings'!$B$6*100),"")) | S291: =IF(I291="","",IFERROR(MIN(100,I291/'Input & Settings'!$B$7*100),"")) | T291: =IF(J291="","",IFERROR(MIN(100,J291/'Input & Settings'!$B$8*100),"")) | U291: =IF(K291="","",IFERROR(MIN(100,K291/'Input & Settings'!$B$9*100),"")) | V291: =IF(L291="","",IFERROR(MIN(100,L291/'Input & Settings'!$B$10*100),"")) | W291: =IF(M291="","",IFERROR(IF(M291<='Input & Settings'!$B$11,100,MAX(0,100-(M291-'Input & Settings'!$B$11)*20)),"")) | X291: =IF(N291="","",IFERROR(MIN(100,N291/'Input & Settings'!$B$12*100),"")) | Y291: =IF(O291="","",IFERROR(MIN(100,O291/'Input & Settings'!$B$13*100),"")) | Z291: =IF(P291="","",IFERROR(IF(P291<='Input & Settings'!$B$14,100,MAX(0,100-(P291-'Input & Settings'!$B$14)*20)),"")) | AA291: =IF(COUNTA(G291:P291)=0,"",ROUND(Q291*'Input & Settings'!$C$5+R291*'Input & Settings'!$C$6+S291*'Input & Settings'!$C$7+T291*'Input & Settings'!$C$8+U291*'Input & Settings'!$C$9+V291*'Input & Settings'!$C$10+W291*'Input & Settings'!$C$11+X291*'Input & Settings'!$C$12+Y291*'Input & Settings'!$C$13+Z291*'Input & Settings'!$C$14,1)) | AB291: =IF(OR(AA291="",E291=""),"",IFERROR(IF(AA291>=VLOOKUP(E291,'Input & Settings'!$F$5:$K$10,3,FALSE),"Outstanding",IF(AA291>=VLOOKUP(E291,'Input & Settings'!$F$5:$K$10,4,FALSE),"Exceeds Expectations",IF(AA291>=VLOOKUP(E291,'Input & Settings'!$F$5:$K$10,5,FALSE),"Meets Expectations",IF(AA291>=VLOOKUP(E291,'Input & Settings'!$F$5:$K$10,6,FALSE),"Needs Improvement","Performance Improvement Required")))),"")) | AC291: =IF(COUNTA(G291:P291)+COUNTA(AD291:AE291)>0,"Entered","") | AF291: =IF(AD291<>"",AD291,AA291) | AG291: =IF(AE291<>"",AE291,AB291) | AH291: =D291&"|"&B291 -> Raul Rama|July
A292: 2026 | B292: July | C292: Jose Molina | D292: Kaevon Tyler | F292: =IF(E292="","",IFERROR(VLOOKUP(E292,'Input & Settings'!$F$5:$G$10,2,FALSE),"")) | Q292: =IF(G292="","",IFERROR(MIN(100,G292/'Input & Settings'!$B$5*100),"")) | R292: =IF(H292="","",IFERROR(MIN(100,H292/'Input & Settings'!$B$6*100),"")) | S292: =IF(I292="","",IFERROR(MIN(100,I292/'Input & Settings'!$B$7*100),"")) | T292: =IF(J292="","",IFERROR(MIN(100,J292/'Input & Settings'!$B$8*100),"")) | U292: =IF(K292="","",IFERROR(MIN(100,K292/'Input & Settings'!$B$9*100),"")) | V292: =IF(L292="","",IFERROR(MIN(100,L292/'Input & Settings'!$B$10*100),"")) | W292: =IF(M292="","",IFERROR(IF(M292<='Input & Settings'!$B$11,100,MAX(0,100-(M292-'Input & Settings'!$B$11)*20)),"")) | X292: =IF(N292="","",IFERROR(MIN(100,N292/'Input & Settings'!$B$12*100),"")) | Y292: =IF(O292="","",IFERROR(MIN(100,O292/'Input & Settings'!$B$13*100),"")) | Z292: =IF(P292="","",IFERROR(IF(P292<='Input & Settings'!$B$14,100,MAX(0,100-(P292-'Input & Settings'!$B$14)*20)),"")) | AA292: =IF(COUNTA(G292:P292)=0,"",ROUND(Q292*'Input & Settings'!$C$5+R292*'Input & Settings'!$C$6+S292*'Input & Settings'!$C$7+T292*'Input & Settings'!$C$8+U292*'Input & Settings'!$C$9+V292*'Input & Settings'!$C$10+W292*'Input & Settings'!$C$11+X292*'Input & Settings'!$C$12+Y292*'Input & Settings'!$C$13+Z292*'Input & Settings'!$C$14,1)) | AB292: =IF(OR(AA292="",E292=""),"",IFERROR(IF(AA292>=VLOOKUP(E292,'Input & Settings'!$F$5:$K$10,3,FALSE),"Outstanding",IF(AA292>=VLOOKUP(E292,'Input & Settings'!$F$5:$K$10,4,FALSE),"Exceeds Expectations",IF(AA292>=VLOOKUP(E292,'Input & Settings'!$F$5:$K$10,5,FALSE),"Meets Expectations",IF(AA292>=VLOOKUP(E292,'Input & Settings'!$F$5:$K$10,6,FALSE),"Needs Improvement","Performance Improvement Required")))),"")) | AC292: =IF(COUNTA(G292:P292)+COUNTA(AD292:AE292)>0,"Entered","") | AF292: =IF(AD292<>"",AD292,AA292) | AG292: =IF(AE292<>"",AE292,AB292) | AH292: =D292&"|"&B292 -> Kaevon Tyler|July
A293: 2026 | B293: July | C293: Jose Molina | D293: Christopher Dorta | F293: =IF(E293="","",IFERROR(VLOOKUP(E293,'Input & Settings'!$F$5:$G$10,2,FALSE),"")) | Q293: =IF(G293="","",IFERROR(MIN(100,G293/'Input & Settings'!$B$5*100),"")) | R293: =IF(H293="","",IFERROR(MIN(100,H293/'Input & Settings'!$B$6*100),"")) | S293: =IF(I293="","",IFERROR(MIN(100,I293/'Input & Settings'!$B$7*100),"")) | T293: =IF(J293="","",IFERROR(MIN(100,J293/'Input & Settings'!$B$8*100),"")) | U293: =IF(K293="","",IFERROR(MIN(100,K293/'Input & Settings'!$B$9*100),"")) | V293: =IF(L293="","",IFERROR(MIN(100,L293/'Input & Settings'!$B$10*100),"")) | W293: =IF(M293="","",IFERROR(IF(M293<='Input & Settings'!$B$11,100,MAX(0,100-(M293-'Input & Settings'!$B$11)*20)),"")) | X293: =IF(N293="","",IFERROR(MIN(100,N293/'Input & Settings'!$B$12*100),"")) | Y293: =IF(O293="","",IFERROR(MIN(100,O293/'Input & Settings'!$B$13*100),"")) | Z293: =IF(P293="","",IFERROR(IF(P293<='Input & Settings'!$B$14,100,MAX(0,100-(P293-'Input & Settings'!$B$14)*20)),"")) | AA293: =IF(COUNTA(G293:P293)=0,"",ROUND(Q293*'Input & Settings'!$C$5+R293*'Input & Settings'!$C$6+S293*'Input & Settings'!$C$7+T293*'Input & Settings'!$C$8+U293*'Input & Settings'!$C$9+V293*'Input & Settings'!$C$10+W293*'Input & Settings'!$C$11+X293*'Input & Settings'!$C$12+Y293*'Input & Settings'!$C$13+Z293*'Input & Settings'!$C$14,1)) | AB293: =IF(OR(AA293="",E293=""),"",IFERROR(IF(AA293>=VLOOKUP(E293,'Input & Settings'!$F$5:$K$10,3,FALSE),"Outstanding",IF(AA293>=VLOOKUP(E293,'Input & Settings'!$F$5:$K$10,4,FALSE),"Exceeds Expectations",IF(AA293>=VLOOKUP(E293,'Input & Settings'!$F$5:$K$10,5,FALSE),"Meets Expectations",IF(AA293>=VLOOKUP(E293,'Input & Settings'!$F$5:$K$10,6,FALSE),"Needs Improvement","Performance Improvement Required")))),"")) | AC293: =IF(COUNTA(G293:P293)+COUNTA(AD293:AE293)>0,"Entered","") | AF293: =IF(AD293<>"",AD293,AA293) | AG293: =IF(AE293<>"",AE293,AB293) | AH293: =D293&"|"&B293 -> Christopher Dorta|July
A294: 2026 | B294: July | C294: Jose Molina | D294: Andres Galvis | F294: =IF(E294="","",IFERROR(VLOOKUP(E294,'Input & Settings'!$F$5:$G$10,2,FALSE),"")) | Q294: =IF(G294="","",IFERROR(MIN(100,G294/'Input & Settings'!$B$5*100),"")) | R294: =IF(H294="","",IFERROR(MIN(100,H294/'Input & Settings'!$B$6*100),"")) | S294: =IF(I294="","",IFERROR(MIN(100,I294/'Input & Settings'!$B$7*100),"")) | T294: =IF(J294="","",IFERROR(MIN(100,J294/'Input & Settings'!$B$8*100),"")) | U294: =IF(K294="","",IFERROR(MIN(100,K294/'Input & Settings'!$B$9*100),"")) | V294: =IF(L294="","",IFERROR(MIN(100,L294/'Input & Settings'!$B$10*100),"")) | W294: =IF(M294="","",IFERROR(IF(M294<='Input & Settings'!$B$11,100,MAX(0,100-(M294-'Input & Settings'!$B$11)*20)),"")) | X294: =IF(N294="","",IFERROR(MIN(100,N294/'Input & Settings'!$B$12*100),"")) | Y294: =IF(O294="","",IFERROR(MIN(100,O294/'Input & Settings'!$B$13*100),"")) | Z294: =IF(P294="","",IFERROR(IF(P294<='Input & Settings'!$B$14,100,MAX(0,100-(P294-'Input & Settings'!$B$14)*20)),"")) | AA294: =IF(COUNTA(G294:P294)=0,"",ROUND(Q294*'Input & Settings'!$C$5+R294*'Input & Settings'!$C$6+S294*'Input & Settings'!$C$7+T294*'Input & Settings'!$C$8+U294*'Input & Settings'!$C$9+V294*'Input & Settings'!$C$10+W294*'Input & Settings'!$C$11+X294*'Input & Settings'!$C$12+Y294*'Input & Settings'!$C$13+Z294*'Input & Settings'!$C$14,1)) | AB294: =IF(OR(AA294="",E294=""),"",IFERROR(IF(AA294>=VLOOKUP(E294,'Input & Settings'!$F$5:$K$10,3,FALSE),"Outstanding",IF(AA294>=VLOOKUP(E294,'Input & Settings'!$F$5:$K$10,4,FALSE),"Exceeds Expectations",IF(AA294>=VLOOKUP(E294,'Input & Settings'!$F$5:$K$10,5,FALSE),"Meets Expectations",IF(AA294>=VLOOKUP(E294,'Input & Settings'!$F$5:$K$10,6,FALSE),"Needs Improvement","Performance Improvement Required")))),"")) | AC294: =IF(COUNTA(G294:P294)+COUNTA(AD294:AE294)>0,"Entered","") | AF294: =IF(AD294<>"",AD294,AA294) | AG294: =IF(AE294<>"",AE294,AB294) | AH294: =D294&"|"&B294 -> Andres Galvis|July
